{
    "Autofill Profile": [
        {
            "address_home_state_status": "VERIFICATION_STATUS_UNSPECIFIED",
            "address_home_country_status": "OBSERVED",
            "address_home_country": "DE",
            "name_honorific_status": ["VERIFICATION_STATUS_UNSPECIFIED"],
            "address_home_apt_num": "",
            "name_first_status": ["PARSED"],
            "address_home_thoroughfare_number": "12",
            "address_home_zip_status": "OBSERVED",
            "name_middle_status": ["PARSED"],
            "address_home_zip": "04703",
            "birthdate_day": 0,
            "name_full_with_honorific_status": ["VERIFICATION_STATUS_UNSPECIFIED"],
            "address_home_street_address": "Webergasse, 12",
            "name_full_with_honorific": ["Rick Ludewig (Lebensgefährte)"],
            "address_home_dependent_thoroughfare_name_status": "VERIFICATION_STATUS_UNSPECIFIED",
            "name_last_first": [""],
            "address_home_language_code": "",
            "address_home_city_status": "OBSERVED",
            "address_home_floor": "",
            "birthdate_year": 0,
            "name_last_conjunction": [""],
            "name_last_first_status": ["PARSED"],
            "birthdate_month": 0,
            "name_middle": ["Ludewig"],
            "company_name": "",
            "name_last_status": ["PARSED"],
            "guid": "525a3b1f-bc80-4a15-8587-3e613006a768",
            "address_home_dependent_thoroughfare_name": "",
            "address_home_dependent_locality_status": "VERIFICATION_STATUS_UNSPECIFIED",
            "address_home_apt_num_status": "VERIFICATION_STATUS_UNSPECIFIED",
            "disallow_settings_visible_updates": false,
            "address_home_city": "Leisnig",
            "name_full": ["Rick Ludewig (Lebensgefährte)"],
            "name_full_status": ["OBSERVED"],
            "origin": "",
            "name_last_second_status": ["PARSED"],
            "address_home_subpremise_name_status": "FORMATTED",
            "name_last": ["(Lebensgefährte)"],
            "use_count": 1,
            "address_home_thoroughfare_name": "Webergasse",
            "address_home_thoroughfare_number_status": "OBSERVED",
            "address_home_premise_name_status": "PARSED",
            "name_last_second": ["(Lebensgefährte)"],
            "address_home_premise_name": "",
            "address_home_line1": "Webergasse, 12",
            "address_home_line2": "",
            "address_home_street_address_status": "OBSERVED",
            "name_first": ["Rick"],
            "address_home_sorting_code": "",
            "name_honorific": [""],
            "name_last_conjunction_status": ["PARSED"],
            "address_home_state": "",
            "address_home_dependent_locality": "",
            "address_home_sorting_code_status": "VERIFICATION_STATUS_UNSPECIFIED",
            "address_home_subpremise_name": "",
            "email_address": ["ludewig.rick@googlemail.com"],
            "address_home_thoroughfare_name_status": "OBSERVED",
            "address_home_floor_status": "VERIFICATION_STATUS_UNSPECIFIED",
            "phone_home_whole_number": ["0162 8223600"],
            "use_date": 1674971323
},
        {
            "address_home_state_status": "VERIFICATION_STATUS_UNSPECIFIED",
            "address_home_country_status": "VERIFICATION_STATUS_UNSPECIFIED",
            "address_home_country": "",
            "name_honorific_status": ["VERIFICATION_STATUS_UNSPECIFIED"],
            "address_home_apt_num": "",
            "name_first_status": ["OBSERVED"],
            "address_home_thoroughfare_number": "12",
            "address_home_zip_status": "OBSERVED",
            "name_middle_status": ["VERIFICATION_STATUS_UNSPECIFIED"],
            "address_home_zip": "04703",
            "name_full_with_honorific_status": ["VERIFICATION_STATUS_UNSPECIFIED"],
            "address_home_street_address": "Webergasse 12\n12",
            "name_full_with_honorific": ["Sandra Beutnet"],
            "address_home_dependent_thoroughfare_name_status": "VERIFICATION_STATUS_UNSPECIFIED",
            "name_last_first": [""],
            "address_home_language_code": "",
            "address_home_city_status": "OBSERVED",
            "address_home_floor": "",
            "name_last_conjunction": [""],
            "name_last_first_status": ["PARSED"],
            "name_middle": [""],
            "company_name": "",
            "name_last_status": ["OBSERVED"],
            "guid": "76cd6857-8a8e-4bea-9a0c-785a4463b8b8",
            "address_home_dependent_thoroughfare_name": "",
            "address_home_dependent_locality_status": "VERIFICATION_STATUS_UNSPECIFIED",
            "address_home_apt_num_status": "PARSED",
            "disallow_settings_visible_updates": false,
            "address_home_city": "Leisnig",
            "name_full": ["Sandra Beutnet"],
            "name_full_status": ["FORMATTED"],
            "origin": "",
            "name_last_second_status": ["PARSED"],
            "address_home_subpremise_name_status": "FORMATTED",
            "name_last": ["Beutnet"],
            "use_count": 8,
            "address_home_thoroughfare_name": "Webergasse 12",
            "address_home_thoroughfare_number_status": "PARSED",
            "address_home_premise_name_status": "PARSED",
            "name_last_second": ["Beutnet"],
            "address_home_premise_name": "",
            "address_home_line1": "Webergasse 12",
            "address_home_line2": "12",
            "address_home_street_address_status": "OBSERVED",
            "name_first": ["Sandra"],
            "address_home_sorting_code": "",
            "name_honorific": [""],
            "name_last_conjunction_status": ["PARSED"],
            "address_home_state": "",
            "address_home_dependent_locality": "",
            "address_home_sorting_code_status": "VERIFICATION_STATUS_UNSPECIFIED",
            "is_client_validity_states_updated": false,
            "address_home_subpremise_name": "",
            "email_address": ["1992dynamo.dresden@gmail.com"],
            "validity_state_bitfield": 0,
            "address_home_thoroughfare_name_status": "PARSED",
            "address_home_floor_status": "PARSED",
            "phone_home_whole_number": ["0162 8223591"],
            "use_date": 1628277424
},
        {
            "address_home_state_status": "VERIFICATION_STATUS_UNSPECIFIED",
            "address_home_country_status": "VERIFICATION_STATUS_UNSPECIFIED",
            "address_home_country": "",
            "name_honorific_status": ["VERIFICATION_STATUS_UNSPECIFIED"],
            "address_home_apt_num": "",
            "name_first_status": ["VERIFICATION_STATUS_UNSPECIFIED"],
            "address_home_thoroughfare_number": "",
            "address_home_zip_status": "VERIFICATION_STATUS_UNSPECIFIED",
            "name_middle_status": ["VERIFICATION_STATUS_UNSPECIFIED"],
            "address_home_zip": "04703",
            "address_home_street_address": "Webergasse, 12",
            "address_home_dependent_thoroughfare_name_status": "VERIFICATION_STATUS_UNSPECIFIED",
            "name_last_first": [""],
            "address_home_language_code": "",
            "address_home_city_status": "VERIFICATION_STATUS_UNSPECIFIED",
            "address_home_floor": "",
            "name_last_conjunction": [""],
            "name_last_first_status": ["VERIFICATION_STATUS_UNSPECIFIED"],
            "name_middle": [""],
            "company_name": "",
            "name_last_status": ["VERIFICATION_STATUS_UNSPECIFIED"],
            "guid": "581ee18e-9ac9-40b8-9ac0-bf65ff7bb142",
            "address_home_dependent_thoroughfare_name": "",
            "address_home_dependent_locality_status": "VERIFICATION_STATUS_UNSPECIFIED",
            "address_home_apt_num_status": "VERIFICATION_STATUS_UNSPECIFIED",
            "address_home_city": "Leisnig",
            "name_full": [""],
            "name_full_status": ["VERIFICATION_STATUS_UNSPECIFIED"],
            "origin": "",
            "name_last_second_status": ["VERIFICATION_STATUS_UNSPECIFIED"],
            "address_home_subpremise_name_status": "VERIFICATION_STATUS_UNSPECIFIED",
            "name_last": ["Beutner"],
            "use_count": 1,
            "address_home_thoroughfare_name": "",
            "address_home_thoroughfare_number_status": "VERIFICATION_STATUS_UNSPECIFIED",
            "address_home_premise_name_status": "VERIFICATION_STATUS_UNSPECIFIED",
            "name_last_second": [""],
            "address_home_premise_name": "",
            "address_home_line1": "Webergasse, 12",
            "address_home_line2": "",
            "address_home_street_address_status": "VERIFICATION_STATUS_UNSPECIFIED",
            "name_first": ["Ricky"],
            "address_home_sorting_code": "",
            "name_honorific": [""],
            "name_last_conjunction_status": ["VERIFICATION_STATUS_UNSPECIFIED"],
            "address_home_state": "",
            "address_home_dependent_locality": "",
            "address_home_sorting_code_status": "VERIFICATION_STATUS_UNSPECIFIED",
            "is_client_validity_states_updated": false,
            "address_home_subpremise_name": "",
            "email_address": [""],
            "validity_state_bitfield": 0,
            "address_home_thoroughfare_name_status": "VERIFICATION_STATUS_UNSPECIFIED",
            "address_home_floor_status": "VERIFICATION_STATUS_UNSPECIFIED",
            "phone_home_whole_number": [""],
            "use_date": 1616800642
},
        {
            "address_home_state_status": "OBSERVED",
            "address_home_country_status": "OBSERVED",
            "address_home_country": "DE",
            "name_honorific_status": ["VERIFICATION_STATUS_UNSPECIFIED"],
            "address_home_apt_num": "",
            "name_first_status": ["OBSERVED"],
            "address_home_thoroughfare_number": "12",
            "address_home_zip_status": "OBSERVED",
            "name_middle_status": ["VERIFICATION_STATUS_UNSPECIFIED"],
            "address_home_zip": "04703",
            "birthdate_day": 0,
            "name_full_with_honorific_status": ["VERIFICATION_STATUS_UNSPECIFIED"],
            "address_home_street_address": "Webergasse 12\n12",
            "name_full_with_honorific": ["Rick Ludewig"],
            "address_home_dependent_thoroughfare_name_status": "VERIFICATION_STATUS_UNSPECIFIED",
            "name_last_first": [""],
            "address_home_language_code": "",
            "address_home_city_status": "OBSERVED",
            "address_home_floor": "",
            "birthdate_year": 0,
            "name_last_conjunction": [""],
            "name_last_first_status": ["PARSED"],
            "birthdate_month": 0,
            "name_middle": [""],
            "company_name": "",
            "name_last_status": ["OBSERVED"],
            "guid": "17a53479-a1e3-44c8-8a40-f02cd1df1437",
            "address_home_dependent_thoroughfare_name": "",
            "address_home_dependent_locality_status": "VERIFICATION_STATUS_UNSPECIFIED",
            "address_home_apt_num_status": "VERIFICATION_STATUS_UNSPECIFIED",
            "disallow_settings_visible_updates": false,
            "address_home_city": "Leisnig",
            "name_full": ["Rick Ludewig"],
            "name_full_status": ["FORMATTED"],
            "origin": "",
            "name_last_second_status": ["PARSED"],
            "address_home_subpremise_name_status": "FORMATTED",
            "name_last": ["Ludewig"],
            "use_count": 1,
            "address_home_thoroughfare_name": "Webergasse 12",
            "address_home_thoroughfare_number_status": "PARSED",
            "address_home_premise_name_status": "PARSED",
            "name_last_second": ["Ludewig"],
            "address_home_premise_name": "",
            "address_home_line1": "Webergasse 12",
            "address_home_line2": "12",
            "address_home_street_address_status": "OBSERVED",
            "name_first": ["Rick"],
            "address_home_sorting_code": "",
            "name_honorific": [""],
            "name_last_conjunction_status": ["PARSED"],
            "address_home_state": "12",
            "address_home_dependent_locality": "",
            "address_home_sorting_code_status": "VERIFICATION_STATUS_UNSPECIFIED",
            "address_home_subpremise_name": "",
            "email_address": ["1992dynamo.dresden@gmail.com"],
            "address_home_thoroughfare_name_status": "PARSED",
            "address_home_floor_status": "VERIFICATION_STATUS_UNSPECIFIED",
            "phone_home_whole_number": ["0162 8223600"],
            "use_date": 1675114503
},
        {
            "address_home_state_status": "VERIFICATION_STATUS_UNSPECIFIED",
            "address_home_country_status": "OBSERVED",
            "address_home_country": "DE",
            "name_honorific_status": ["VERIFICATION_STATUS_UNSPECIFIED"],
            "address_home_apt_num": "",
            "name_first_status": ["PARSED"],
            "address_home_thoroughfare_number": "12",
            "address_home_zip_status": "OBSERVED",
            "name_middle_status": ["VERIFICATION_STATUS_UNSPECIFIED"],
            "address_home_zip": "04703",
            "birthdate_day": 0,
            "name_full_with_honorific_status": ["VERIFICATION_STATUS_UNSPECIFIED"],
            "address_home_street_address": "Webergasse 12",
            "name_full_with_honorific": ["Rick Beutner"],
            "address_home_dependent_thoroughfare_name_status": "VERIFICATION_STATUS_UNSPECIFIED",
            "name_last_first": [""],
            "address_home_language_code": "",
            "address_home_city_status": "OBSERVED",
            "address_home_floor": "",
            "birthdate_year": 0,
            "name_last_conjunction": [""],
            "name_last_first_status": ["PARSED"],
            "birthdate_month": 0,
            "name_middle": [""],
            "company_name": "",
            "name_last_status": ["PARSED"],
            "guid": "13210ef9-9ecc-4482-8035-5261500ed947",
            "address_home_dependent_thoroughfare_name": "",
            "address_home_dependent_locality_status": "VERIFICATION_STATUS_UNSPECIFIED",
            "address_home_apt_num_status": "PARSED",
            "disallow_settings_visible_updates": false,
            "address_home_city": "Leisnig",
            "name_full": ["Rick Beutner"],
            "name_full_status": ["OBSERVED"],
            "origin": "",
            "name_last_second_status": ["PARSED"],
            "address_home_subpremise_name_status": "FORMATTED",
            "name_last": ["Beutner"],
            "use_count": 3,
            "address_home_thoroughfare_name": "Webergasse",
            "address_home_thoroughfare_number_status": "OBSERVED",
            "address_home_premise_name_status": "PARSED",
            "name_last_second": ["Beutner"],
            "address_home_premise_name": "",
            "address_home_line1": "Webergasse 12",
            "address_home_line2": "",
            "address_home_street_address_status": "OBSERVED",
            "name_first": ["Rick"],
            "address_home_sorting_code": "",
            "name_honorific": [""],
            "name_last_conjunction_status": ["PARSED"],
            "address_home_state": "",
            "address_home_dependent_locality": "",
            "address_home_sorting_code_status": "VERIFICATION_STATUS_UNSPECIFIED",
            "address_home_subpremise_name": "",
            "email_address": [""],
            "address_home_thoroughfare_name_status": "OBSERVED",
            "address_home_floor_status": "PARSED",
            "phone_home_whole_number": ["+49 162 8223600"],
            "use_date": 1674218093
},
        {
            "address_home_state_status": "VERIFICATION_STATUS_UNSPECIFIED",
            "address_home_country_status": "VERIFICATION_STATUS_UNSPECIFIED",
            "address_home_country": "",
            "name_honorific_status": ["VERIFICATION_STATUS_UNSPECIFIED"],
            "address_home_apt_num": "",
            "name_first_status": ["OBSERVED"],
            "address_home_thoroughfare_number": "",
            "address_home_zip_status": "VERIFICATION_STATUS_UNSPECIFIED",
            "name_middle_status": ["VERIFICATION_STATUS_UNSPECIFIED"],
            "address_home_zip": "04703",
            "name_full_with_honorific_status": ["VERIFICATION_STATUS_UNSPECIFIED"],
            "address_home_street_address": "Webergasse\n12",
            "name_full_with_honorific": [""],
            "address_home_dependent_thoroughfare_name_status": "VERIFICATION_STATUS_UNSPECIFIED",
            "name_last_first": [""],
            "address_home_language_code": "",
            "address_home_city_status": "VERIFICATION_STATUS_UNSPECIFIED",
            "address_home_floor": "",
            "name_last_conjunction": [""],
            "name_last_first_status": ["PARSED"],
            "name_middle": [""],
            "company_name": "",
            "name_last_status": ["OBSERVED"],
            "guid": "9a9f195a-6920-493b-a808-bd59e890315d",
            "address_home_dependent_thoroughfare_name": "",
            "address_home_dependent_locality_status": "VERIFICATION_STATUS_UNSPECIFIED",
            "address_home_apt_num_status": "VERIFICATION_STATUS_UNSPECIFIED",
            "address_home_city": "Leisnig",
            "name_full": ["Rick Ludewig"],
            "name_full_status": ["FORMATTED"],
            "origin": "",
            "name_last_second_status": ["PARSED"],
            "address_home_subpremise_name_status": "VERIFICATION_STATUS_UNSPECIFIED",
            "name_last": ["Ludewig"],
            "use_count": 3,
            "address_home_thoroughfare_name": "",
            "address_home_thoroughfare_number_status": "VERIFICATION_STATUS_UNSPECIFIED",
            "address_home_premise_name_status": "VERIFICATION_STATUS_UNSPECIFIED",
            "name_last_second": ["Ludewig"],
            "address_home_premise_name": "",
            "address_home_line1": "Webergasse",
            "address_home_line2": "12",
            "address_home_street_address_status": "VERIFICATION_STATUS_UNSPECIFIED",
            "name_first": ["Rick"],
            "address_home_sorting_code": "",
            "name_honorific": [""],
            "name_last_conjunction_status": ["PARSED"],
            "address_home_state": "",
            "address_home_dependent_locality": "",
            "address_home_sorting_code_status": "VERIFICATION_STATUS_UNSPECIFIED",
            "is_client_validity_states_updated": false,
            "address_home_subpremise_name": "",
            "email_address": ["1992dynamo.dresden@gmail.com"],
            "validity_state_bitfield": 0,
            "address_home_thoroughfare_name_status": "VERIFICATION_STATUS_UNSPECIFIED",
            "address_home_floor_status": "VERIFICATION_STATUS_UNSPECIFIED",
            "phone_home_whole_number": ["0162"],
            "use_date": 1621483597
},
        {
            "address_home_state_status": "OBSERVED",
            "address_home_country_status": "OBSERVED",
            "address_home_country": "DE",
            "name_honorific_status": ["VERIFICATION_STATUS_UNSPECIFIED"],
            "address_home_apt_num": "",
            "name_first_status": ["PARSED"],
            "address_home_thoroughfare_number": "33",
            "address_home_zip_status": "OBSERVED",
            "name_middle_status": ["VERIFICATION_STATUS_UNSPECIFIED"],
            "address_home_zip": "01936",
            "name_full_with_honorific_status": ["VERIFICATION_STATUS_UNSPECIFIED"],
            "address_home_street_address": "Weißbacher Str.\n33",
            "name_full_with_honorific": ["Rick Ludewig"],
            "address_home_dependent_thoroughfare_name_status": "VERIFICATION_STATUS_UNSPECIFIED",
            "name_last_first": [""],
            "address_home_language_code": "",
            "address_home_city_status": "OBSERVED",
            "address_home_floor": "",
            "name_last_conjunction": [""],
            "name_last_first_status": ["PARSED"],
            "name_middle": [""],
            "company_name": "",
            "name_last_status": ["PARSED"],
            "guid": "e91e9c9d-75f4-4136-bad1-4eb319c96fb9",
            "address_home_dependent_thoroughfare_name": "",
            "address_home_dependent_locality_status": "VERIFICATION_STATUS_UNSPECIFIED",
            "address_home_apt_num_status": "PARSED",
            "disallow_settings_visible_updates": false,
            "address_home_city": "Königsbrück",
            "name_full": ["Rick Ludewig"],
            "name_full_status": ["OBSERVED"],
            "origin": "",
            "name_last_second_status": ["PARSED"],
            "address_home_subpremise_name_status": "FORMATTED",
            "name_last": ["Ludewig"],
            "use_count": 126,
            "address_home_thoroughfare_name": "Weißbacher Str.",
            "address_home_thoroughfare_number_status": "PARSED",
            "address_home_premise_name_status": "PARSED",
            "name_last_second": ["Ludewig"],
            "address_home_premise_name": "",
            "address_home_line1": "Weißbacher Str.",
            "address_home_line2": "33",
            "address_home_street_address_status": "OBSERVED",
            "name_first": ["Rick"],
            "address_home_sorting_code": "",
            "name_honorific": [""],
            "name_last_conjunction_status": ["PARSED"],
            "address_home_state": "Deutschland",
            "address_home_dependent_locality": "",
            "address_home_sorting_code_status": "VERIFICATION_STATUS_UNSPECIFIED",
            "is_client_validity_states_updated": false,
            "address_home_subpremise_name": "",
            "email_address": ["ludewig.rick@googlemail.com"],
            "validity_state_bitfield": 0,
            "address_home_thoroughfare_name_status": "PARSED",
            "address_home_floor_status": "PARSED",
            "phone_home_whole_number": ["+49 491 628223600"],
            "use_date": 1628277412
},
        {
            "address_home_state_status": "VERIFICATION_STATUS_UNSPECIFIED",
            "address_home_country_status": "OBSERVED",
            "address_home_country": "DE",
            "name_honorific_status": ["VERIFICATION_STATUS_UNSPECIFIED"],
            "address_home_apt_num": "",
            "name_first_status": ["PARSED"],
            "address_home_thoroughfare_number": "12",
            "address_home_zip_status": "OBSERVED",
            "name_middle_status": ["PARSED"],
            "address_home_zip": "04703",
            "birthdate_day": 0,
            "name_full_with_honorific_status": ["VERIFICATION_STATUS_UNSPECIFIED"],
            "address_home_street_address": "Webergasse\n12",
            "name_full_with_honorific": ["Sandra Elke beutner"],
            "address_home_dependent_thoroughfare_name_status": "VERIFICATION_STATUS_UNSPECIFIED",
            "name_last_first": [""],
            "address_home_language_code": "",
            "address_home_city_status": "OBSERVED",
            "address_home_floor": "",
            "birthdate_year": 0,
            "name_last_conjunction": [""],
            "name_last_first_status": ["PARSED"],
            "birthdate_month": 0,
            "name_middle": ["Elke"],
            "company_name": "",
            "name_last_status": ["PARSED"],
            "guid": "5045be48-74bc-4aad-af86-3ecd52434f97",
            "address_home_dependent_thoroughfare_name": "",
            "address_home_dependent_locality_status": "VERIFICATION_STATUS_UNSPECIFIED",
            "address_home_apt_num_status": "VERIFICATION_STATUS_UNSPECIFIED",
            "disallow_settings_visible_updates": false,
            "address_home_city": "Leisnig",
            "name_full": ["Sandra Elke beutner"],
            "name_full_status": ["OBSERVED"],
            "origin": "",
            "name_last_second_status": ["PARSED"],
            "address_home_subpremise_name_status": "FORMATTED",
            "name_last": ["beutner"],
            "use_count": 9,
            "address_home_thoroughfare_name": "Webergasse",
            "address_home_thoroughfare_number_status": "OBSERVED",
            "address_home_premise_name_status": "PARSED",
            "name_last_second": ["beutner"],
            "address_home_premise_name": "",
            "address_home_line1": "Webergasse",
            "address_home_line2": "12",
            "address_home_street_address_status": "OBSERVED",
            "name_first": ["Sandra"],
            "address_home_sorting_code": "",
            "name_honorific": [""],
            "name_last_conjunction_status": ["PARSED"],
            "address_home_state": "",
            "address_home_dependent_locality": "",
            "address_home_sorting_code_status": "VERIFICATION_STATUS_UNSPECIFIED",
            "address_home_subpremise_name": "",
            "email_address": ["ludewig.rick@googlemail.com"],
            "address_home_thoroughfare_name_status": "OBSERVED",
            "address_home_floor_status": "VERIFICATION_STATUS_UNSPECIFIED",
            "phone_home_whole_number": ["+49 162 8223600"],
            "use_date": 1674971323
},
        {
            "address_home_state_status": "OBSERVED",
            "address_home_country_status": "OBSERVED",
            "address_home_country": "DE",
            "name_honorific_status": ["VERIFICATION_STATUS_UNSPECIFIED"],
            "address_home_apt_num": "",
            "name_first_status": ["OBSERVED"],
            "address_home_thoroughfare_number": "12",
            "address_home_zip_status": "OBSERVED",
            "name_middle_status": ["PARSED"],
            "address_home_zip": "04703",
            "birthdate_day": 0,
            "name_full_with_honorific_status": ["VERIFICATION_STATUS_UNSPECIFIED"],
            "address_home_street_address": "Webergasse\n12",
            "name_full_with_honorific": ["Rick ludewig"],
            "address_home_dependent_thoroughfare_name_status": "VERIFICATION_STATUS_UNSPECIFIED",
            "name_last_first": [""],
            "address_home_language_code": "",
            "address_home_city_status": "OBSERVED",
            "address_home_floor": "",
            "birthdate_year": 0,
            "name_last_conjunction": [""],
            "name_last_first_status": ["PARSED"],
            "birthdate_month": 0,
            "name_middle": [""],
            "company_name": "Anrede",
            "name_last_status": ["OBSERVED"],
            "guid": "98008c61-84a7-46be-8921-979807bee69a",
            "address_home_dependent_thoroughfare_name": "",
            "address_home_dependent_locality_status": "VERIFICATION_STATUS_UNSPECIFIED",
            "address_home_apt_num_status": "VERIFICATION_STATUS_UNSPECIFIED",
            "disallow_settings_visible_updates": false,
            "address_home_city": "Leisnig",
            "name_full": ["Rick ludewig"],
            "name_full_status": ["OBSERVED"],
            "origin": "",
            "name_last_second_status": ["PARSED"],
            "address_home_subpremise_name_status": "FORMATTED",
            "name_last": ["Ludewig"],
            "use_count": 326,
            "address_home_thoroughfare_name": "Webergasse",
            "address_home_thoroughfare_number_status": "OBSERVED",
            "address_home_premise_name_status": "PARSED",
            "name_last_second": ["Ludewig"],
            "address_home_premise_name": "",
            "address_home_line1": "Webergasse",
            "address_home_line2": "12",
            "address_home_street_address_status": "OBSERVED",
            "name_first": ["Rick"],
            "address_home_sorting_code": "",
            "name_honorific": [""],
            "name_last_conjunction_status": ["PARSED"],
            "address_home_state": "12",
            "address_home_dependent_locality": "",
            "address_home_sorting_code_status": "VERIFICATION_STATUS_UNSPECIFIED",
            "address_home_subpremise_name": "",
            "email_address": ["1992dynamo.dresden@gmail.com"],
            "address_home_thoroughfare_name_status": "OBSERVED",
            "address_home_floor_status": "VERIFICATION_STATUS_UNSPECIFIED",
            "phone_home_whole_number": ["+49 162 8223600"],
            "use_date": 1676533825
},
        {
            "address_home_state_status": "VERIFICATION_STATUS_UNSPECIFIED",
            "address_home_country_status": "OBSERVED",
            "address_home_country": "DE",
            "name_honorific_status": ["VERIFICATION_STATUS_UNSPECIFIED"],
            "address_home_apt_num": "",
            "name_first_status": ["PARSED"],
            "address_home_thoroughfare_number": "12",
            "address_home_zip_status": "OBSERVED",
            "name_middle_status": ["VERIFICATION_STATUS_UNSPECIFIED"],
            "address_home_zip": "04703",
            "birthdate_day": 0,
            "name_full_with_honorific_status": ["VERIFICATION_STATUS_UNSPECIFIED"],
            "address_home_street_address": "Webergasse 12",
            "name_full_with_honorific": ["tayson"],
            "address_home_dependent_thoroughfare_name_status": "VERIFICATION_STATUS_UNSPECIFIED",
            "name_last_first": [""],
            "address_home_language_code": "",
            "address_home_city_status": "OBSERVED",
            "address_home_floor": "",
            "birthdate_year": 0,
            "name_last_conjunction": [""],
            "name_last_first_status": ["VERIFICATION_STATUS_UNSPECIFIED"],
            "birthdate_month": 0,
            "name_middle": [""],
            "company_name": "",
            "name_last_status": ["FORMATTED"],
            "guid": "2cfec302-5a6a-4589-89a1-c464895a4ab8",
            "address_home_dependent_thoroughfare_name": "",
            "address_home_dependent_locality_status": "VERIFICATION_STATUS_UNSPECIFIED",
            "address_home_apt_num_status": "PARSED",
            "disallow_settings_visible_updates": false,
            "address_home_city": "Leisnig",
            "name_full": ["tayson"],
            "name_full_status": ["OBSERVED"],
            "origin": "",
            "name_last_second_status": ["VERIFICATION_STATUS_UNSPECIFIED"],
            "address_home_subpremise_name_status": "FORMATTED",
            "name_last": [""],
            "use_count": 1,
            "address_home_thoroughfare_name": "Webergasse",
            "address_home_thoroughfare_number_status": "OBSERVED",
            "address_home_premise_name_status": "PARSED",
            "name_last_second": [""],
            "address_home_premise_name": "",
            "address_home_line1": "Webergasse 12",
            "address_home_line2": "",
            "address_home_street_address_status": "OBSERVED",
            "name_first": ["tayson"],
            "address_home_sorting_code": "",
            "name_honorific": [""],
            "name_last_conjunction_status": ["VERIFICATION_STATUS_UNSPECIFIED"],
            "address_home_state": "",
            "address_home_dependent_locality": "",
            "address_home_sorting_code_status": "VERIFICATION_STATUS_UNSPECIFIED",
            "address_home_subpremise_name": "",
            "email_address": ["Ludewig.rick@googlemail.com"],
            "address_home_thoroughfare_name_status": "OBSERVED",
            "address_home_floor_status": "PARSED",
            "phone_home_whole_number": ["0162 8223600"],
            "use_date": 1674218093
},
        {
            "address_home_state_status": "VERIFICATION_STATUS_UNSPECIFIED",
            "address_home_country_status": "OBSERVED",
            "address_home_country": "DE",
            "name_honorific_status": ["VERIFICATION_STATUS_UNSPECIFIED"],
            "address_home_apt_num": "",
            "name_first_status": ["OBSERVED"],
            "address_home_thoroughfare_number": "12",
            "address_home_zip_status": "OBSERVED",
            "name_middle_status": ["VERIFICATION_STATUS_UNSPECIFIED"],
            "address_home_zip": "04703",
            "birthdate_day": 0,
            "name_full_with_honorific_status": ["VERIFICATION_STATUS_UNSPECIFIED"],
            "address_home_street_address": "Webergasse, 12",
            "name_full_with_honorific": ["Rita Riedel"],
            "address_home_dependent_thoroughfare_name_status": "VERIFICATION_STATUS_UNSPECIFIED",
            "name_last_first": [""],
            "address_home_language_code": "",
            "address_home_city_status": "OBSERVED",
            "address_home_floor": "",
            "birthdate_year": 0,
            "name_last_conjunction": [""],
            "name_last_first_status": ["PARSED"],
            "birthdate_month": 0,
            "name_middle": [""],
            "company_name": "",
            "name_last_status": ["OBSERVED"],
            "guid": "45812ee1-3b04-409e-aaf7-24920e8b0311",
            "address_home_dependent_thoroughfare_name": "",
            "address_home_dependent_locality_status": "VERIFICATION_STATUS_UNSPECIFIED",
            "address_home_apt_num_status": "VERIFICATION_STATUS_UNSPECIFIED",
            "disallow_settings_visible_updates": false,
            "address_home_city": "Leisnig",
            "name_full": ["Rita Riedel"],
            "name_full_status": ["FORMATTED"],
            "origin": "",
            "name_last_second_status": ["PARSED"],
            "address_home_subpremise_name_status": "FORMATTED",
            "name_last": ["Riedel"],
            "use_count": 5,
            "address_home_thoroughfare_name": "Webergasse",
            "address_home_thoroughfare_number_status": "OBSERVED",
            "address_home_premise_name_status": "PARSED",
            "name_last_second": ["Riedel"],
            "address_home_premise_name": "",
            "address_home_line1": "Webergasse, 12",
            "address_home_line2": "",
            "address_home_street_address_status": "OBSERVED",
            "name_first": ["Rita"],
            "address_home_sorting_code": "",
            "name_honorific": [""],
            "name_last_conjunction_status": ["PARSED"],
            "address_home_state": "",
            "address_home_dependent_locality": "",
            "address_home_sorting_code_status": "VERIFICATION_STATUS_UNSPECIFIED",
            "address_home_subpremise_name": "",
            "email_address": ["Atzeprinz@gmail.com"],
            "address_home_thoroughfare_name_status": "OBSERVED",
            "address_home_floor_status": "VERIFICATION_STATUS_UNSPECIFIED",
            "phone_home_whole_number": [""],
            "use_date": 1676507236
},
        {
            "address_home_state_status": "OBSERVED",
            "address_home_country_status": "OBSERVED",
            "address_home_country": "DE",
            "name_honorific_status": ["VERIFICATION_STATUS_UNSPECIFIED"],
            "address_home_apt_num": "",
            "name_first_status": ["PARSED"],
            "address_home_thoroughfare_number": "12",
            "address_home_zip_status": "OBSERVED",
            "name_middle_status": ["PARSED"],
            "address_home_zip": "04703",
            "birthdate_day": 0,
            "name_full_with_honorific_status": ["VERIFICATION_STATUS_UNSPECIFIED"],
            "address_home_street_address": "Webergasse\n12",
            "name_full_with_honorific": ["Sandra Elke Beutner- ludewig"],
            "address_home_dependent_thoroughfare_name_status": "VERIFICATION_STATUS_UNSPECIFIED",
            "name_last_first": [""],
            "address_home_language_code": "",
            "address_home_city_status": "OBSERVED",
            "address_home_floor": "",
            "birthdate_year": 0,
            "name_last_conjunction": [""],
            "name_last_first_status": ["PARSED"],
            "birthdate_month": 0,
            "name_middle": ["Beutner-"],
            "company_name": "",
            "name_last_status": ["PARSED"],
            "guid": "4acb7581-a71a-405b-b857-5cb0fe98c6b2",
            "address_home_dependent_thoroughfare_name": "",
            "address_home_dependent_locality_status": "VERIFICATION_STATUS_UNSPECIFIED",
            "address_home_apt_num_status": "VERIFICATION_STATUS_UNSPECIFIED",
            "disallow_settings_visible_updates": false,
            "address_home_city": "Leisnig",
            "name_full": ["Sandra Elke Beutner- ludewig"],
            "name_full_status": ["OBSERVED"],
            "origin": "",
            "name_last_second_status": ["PARSED"],
            "address_home_subpremise_name_status": "FORMATTED",
            "name_last": ["ludewig"],
            "use_count": 165,
            "address_home_thoroughfare_name": "Webergasse",
            "address_home_thoroughfare_number_status": "OBSERVED",
            "address_home_premise_name_status": "PARSED",
            "name_last_second": ["ludewig"],
            "address_home_premise_name": "",
            "address_home_line1": "Webergasse",
            "address_home_line2": "12",
            "address_home_street_address_status": "OBSERVED",
            "name_first": ["Sandra Elke"],
            "address_home_sorting_code": "",
            "name_honorific": [""],
            "name_last_conjunction_status": ["PARSED"],
            "address_home_state": "Sachsen",
            "address_home_dependent_locality": "",
            "address_home_sorting_code_status": "VERIFICATION_STATUS_UNSPECIFIED",
            "address_home_subpremise_name": "",
            "email_address": ["ludewig.rick@googlemail.com"],
            "address_home_thoroughfare_name_status": "OBSERVED",
            "address_home_floor_status": "VERIFICATION_STATUS_UNSPECIFIED",
            "phone_home_whole_number": ["+49 162 8223600"],
            "use_date": 1676023833
},
        {
            "address_home_state_status": "VERIFICATION_STATUS_UNSPECIFIED",
            "address_home_country_status": "OBSERVED",
            "address_home_country": "DE",
            "name_honorific_status": ["VERIFICATION_STATUS_UNSPECIFIED"],
            "address_home_apt_num": "",
            "name_first_status": ["PARSED"],
            "address_home_thoroughfare_number": "33",
            "address_home_zip_status": "OBSERVED",
            "name_middle_status": ["VERIFICATION_STATUS_UNSPECIFIED"],
            "address_home_zip": "01936",
            "name_full_with_honorific_status": ["VERIFICATION_STATUS_UNSPECIFIED"],
            "address_home_street_address": "Weißbacher Straße\n33",
            "name_full_with_honorific": ["Rick Ludewig"],
            "address_home_dependent_thoroughfare_name_status": "VERIFICATION_STATUS_UNSPECIFIED",
            "name_last_first": [""],
            "address_home_language_code": "de",
            "address_home_city_status": "OBSERVED",
            "address_home_floor": "",
            "name_last_conjunction": [""],
            "name_last_first_status": ["PARSED"],
            "name_middle": [""],
            "company_name": "Anrede",
            "name_last_status": ["PARSED"],
            "guid": "101b08f6-981a-487a-82fd-61668e3e5e54",
            "address_home_dependent_thoroughfare_name": "",
            "address_home_dependent_locality_status": "VERIFICATION_STATUS_UNSPECIFIED",
            "address_home_apt_num_status": "PARSED",
            "disallow_settings_visible_updates": false,
            "address_home_city": "Königsbrück",
            "name_full": ["Rick Ludewig"],
            "name_full_status": ["OBSERVED"],
            "origin": "",
            "name_last_second_status": ["PARSED"],
            "address_home_subpremise_name_status": "FORMATTED",
            "name_last": ["Ludewig"],
            "use_count": 57,
            "address_home_thoroughfare_name": "Weißbacher Straße",
            "address_home_thoroughfare_number_status": "PARSED",
            "address_home_premise_name_status": "PARSED",
            "name_last_second": ["Ludewig"],
            "address_home_premise_name": "",
            "address_home_line1": "Weißbacher Straße",
            "address_home_line2": "33",
            "address_home_street_address_status": "OBSERVED",
            "name_first": ["Rick"],
            "address_home_sorting_code": "",
            "name_honorific": [""],
            "name_last_conjunction_status": ["PARSED"],
            "address_home_state": "",
            "address_home_dependent_locality": "",
            "address_home_sorting_code_status": "VERIFICATION_STATUS_UNSPECIFIED",
            "is_client_validity_states_updated": false,
            "address_home_subpremise_name": "",
            "email_address": ["rick.mildner@googlemail.com"],
            "validity_state_bitfield": 0,
            "address_home_thoroughfare_name_status": "PARSED",
            "address_home_floor_status": "PARSED",
            "phone_home_whole_number": ["+49 162 8223600"],
            "use_date": 1641585437
},
        {
            "address_home_state_status": "VERIFICATION_STATUS_UNSPECIFIED",
            "address_home_country_status": "VERIFICATION_STATUS_UNSPECIFIED",
            "address_home_country": "",
            "name_honorific_status": ["VERIFICATION_STATUS_UNSPECIFIED"],
            "name_first_status": ["VERIFICATION_STATUS_UNSPECIFIED"],
            "address_home_thoroughfare_number": "",
            "address_home_zip_status": "VERIFICATION_STATUS_UNSPECIFIED",
            "name_middle_status": ["VERIFICATION_STATUS_UNSPECIFIED"],
            "address_home_zip": "04703",
            "address_home_street_address": "Webergasse 12",
            "address_home_dependent_thoroughfare_name_status": "VERIFICATION_STATUS_UNSPECIFIED",
            "name_last_first": [""],
            "address_home_language_code": "",
            "address_home_city_status": "VERIFICATION_STATUS_UNSPECIFIED",
            "name_last_conjunction": [""],
            "name_last_first_status": ["VERIFICATION_STATUS_UNSPECIFIED"],
            "name_middle": [""],
            "company_name": "",
            "name_last_status": ["VERIFICATION_STATUS_UNSPECIFIED"],
            "guid": "773c0678-8c15-425d-9d66-d832738362ef",
            "address_home_dependent_thoroughfare_name": "",
            "address_home_dependent_locality_status": "VERIFICATION_STATUS_UNSPECIFIED",
            "address_home_city": "Leusnig",
            "name_full": [""],
            "name_full_status": ["VERIFICATION_STATUS_UNSPECIFIED"],
            "origin": "",
            "name_last_second_status": ["VERIFICATION_STATUS_UNSPECIFIED"],
            "address_home_subpremise_name_status": "VERIFICATION_STATUS_UNSPECIFIED",
            "name_last": [""],
            "use_count": 1,
            "address_home_thoroughfare_name": "",
            "address_home_thoroughfare_number_status": "VERIFICATION_STATUS_UNSPECIFIED",
            "address_home_premise_name_status": "VERIFICATION_STATUS_UNSPECIFIED",
            "name_last_second": [""],
            "address_home_premise_name": "",
            "address_home_line1": "Webergasse 12",
            "address_home_line2": "",
            "address_home_street_address_status": "VERIFICATION_STATUS_UNSPECIFIED",
            "name_first": [""],
            "address_home_sorting_code": "",
            "name_honorific": [""],
            "name_last_conjunction_status": ["VERIFICATION_STATUS_UNSPECIFIED"],
            "address_home_state": "",
            "address_home_dependent_locality": "",
            "address_home_sorting_code_status": "VERIFICATION_STATUS_UNSPECIFIED",
            "is_client_validity_states_updated": false,
            "address_home_subpremise_name": "",
            "email_address": [""],
            "validity_state_bitfield": 0,
            "address_home_thoroughfare_name_status": "VERIFICATION_STATUS_UNSPECIFIED",
            "phone_home_whole_number": [""],
            "use_date": 1602076187
},
        {
            "address_home_state_status": "VERIFICATION_STATUS_UNSPECIFIED",
            "address_home_country_status": "VERIFICATION_STATUS_UNSPECIFIED",
            "address_home_country": "",
            "name_honorific_status": ["VERIFICATION_STATUS_UNSPECIFIED"],
            "address_home_apt_num": "",
            "name_first_status": ["PARSED"],
            "address_home_thoroughfare_number": "12",
            "address_home_zip_status": "OBSERVED",
            "name_middle_status": ["VERIFICATION_STATUS_UNSPECIFIED"],
            "address_home_zip": "04703",
            "birthdate_day": 0,
            "name_full_with_honorific_status": ["VERIFICATION_STATUS_UNSPECIFIED"],
            "address_home_street_address": "Webergasse\n12",
            "name_full_with_honorific": ["Sandra Beutner"],
            "address_home_dependent_thoroughfare_name_status": "VERIFICATION_STATUS_UNSPECIFIED",
            "name_last_first": [""],
            "address_home_language_code": "",
            "address_home_city_status": "OBSERVED",
            "address_home_floor": "",
            "birthdate_year": 0,
            "name_last_conjunction": [""],
            "name_last_first_status": ["PARSED"],
            "birthdate_month": 0,
            "name_middle": [""],
            "company_name": "",
            "name_last_status": ["PARSED"],
            "guid": "926ef18c-87fc-4dbb-8cbd-bece3228b7bb",
            "address_home_dependent_thoroughfare_name": "",
            "address_home_dependent_locality_status": "VERIFICATION_STATUS_UNSPECIFIED",
            "address_home_apt_num_status": "PARSED",
            "disallow_settings_visible_updates": false,
            "address_home_city": "Leisnig",
            "name_full": ["Sandra Beutner"],
            "name_full_status": ["OBSERVED"],
            "origin": "",
            "name_last_second_status": ["PARSED"],
            "address_home_subpremise_name_status": "FORMATTED",
            "name_last": ["Beutner"],
            "use_count": 8,
            "address_home_thoroughfare_name": "Webergasse",
            "address_home_thoroughfare_number_status": "PARSED",
            "address_home_premise_name_status": "PARSED",
            "name_last_second": ["Beutner"],
            "address_home_premise_name": "",
            "address_home_line1": "Webergasse",
            "address_home_line2": "12",
            "address_home_street_address_status": "OBSERVED",
            "name_first": ["Sandra"],
            "address_home_sorting_code": "",
            "name_honorific": [""],
            "name_last_conjunction_status": ["PARSED"],
            "address_home_state": "",
            "address_home_dependent_locality": "",
            "address_home_sorting_code_status": "VERIFICATION_STATUS_UNSPECIFIED",
            "address_home_subpremise_name": "",
            "email_address": [""],
            "address_home_thoroughfare_name_status": "PARSED",
            "address_home_floor_status": "PARSED",
            "phone_home_whole_number": ["0162 8223591"],
            "use_date": 1673605680
},
        {
            "address_home_state_status": "VERIFICATION_STATUS_UNSPECIFIED",
            "address_home_country_status": "OBSERVED",
            "address_home_country": "DE",
            "name_honorific_status": ["VERIFICATION_STATUS_UNSPECIFIED"],
            "address_home_apt_num": "",
            "name_first_status": ["PARSED"],
            "address_home_thoroughfare_number": "12",
            "address_home_zip_status": "OBSERVED",
            "name_middle_status": ["VERIFICATION_STATUS_UNSPECIFIED"],
            "address_home_zip": "04703",
            "birthdate_day": 0,
            "name_full_with_honorific_status": ["VERIFICATION_STATUS_UNSPECIFIED"],
            "address_home_street_address": "Webergasse 12",
            "name_full_with_honorific": ["Riick Ludewig"],
            "address_home_dependent_thoroughfare_name_status": "VERIFICATION_STATUS_UNSPECIFIED",
            "name_last_first": [""],
            "address_home_language_code": "",
            "address_home_city_status": "OBSERVED",
            "address_home_floor": "",
            "birthdate_year": 0,
            "name_last_conjunction": [""],
            "name_last_first_status": ["PARSED"],
            "birthdate_month": 0,
            "name_middle": [""],
            "company_name": "",
            "name_last_status": ["PARSED"],
            "guid": "c86e654a-9cb6-487b-8801-ed9df6413bbc",
            "address_home_dependent_thoroughfare_name": "",
            "address_home_dependent_locality_status": "VERIFICATION_STATUS_UNSPECIFIED",
            "address_home_apt_num_status": "PARSED",
            "disallow_settings_visible_updates": false,
            "address_home_city": "Leisnig",
            "name_full": ["Riick Ludewig"],
            "name_full_status": ["OBSERVED"],
            "origin": "",
            "name_last_second_status": ["PARSED"],
            "address_home_subpremise_name_status": "FORMATTED",
            "name_last": ["Ludewig"],
            "use_count": 1,
            "address_home_thoroughfare_name": "Webergasse",
            "address_home_thoroughfare_number_status": "OBSERVED",
            "address_home_premise_name_status": "PARSED",
            "name_last_second": ["Ludewig"],
            "address_home_premise_name": "",
            "address_home_line1": "Webergasse 12",
            "address_home_line2": "",
            "address_home_street_address_status": "OBSERVED",
            "name_first": ["Riick"],
            "address_home_sorting_code": "",
            "name_honorific": [""],
            "name_last_conjunction_status": ["PARSED"],
            "address_home_state": "",
            "address_home_dependent_locality": "",
            "address_home_sorting_code_status": "VERIFICATION_STATUS_UNSPECIFIED",
            "address_home_subpremise_name": "",
            "email_address": [""],
            "address_home_thoroughfare_name_status": "OBSERVED",
            "address_home_floor_status": "PARSED",
            "phone_home_whole_number": [""],
            "use_date": 1674218093
},
        {
            "address_home_state_status": "OBSERVED",
            "address_home_country_status": "OBSERVED",
            "address_home_country": "DE",
            "name_honorific_status": ["VERIFICATION_STATUS_UNSPECIFIED"],
            "address_home_apt_num": "",
            "name_first_status": ["OBSERVED"],
            "address_home_thoroughfare_number": "12",
            "address_home_zip_status": "OBSERVED",
            "name_middle_status": ["VERIFICATION_STATUS_UNSPECIFIED"],
            "address_home_zip": "04703",
            "birthdate_day": 0,
            "name_full_with_honorific_status": ["VERIFICATION_STATUS_UNSPECIFIED"],
            "address_home_street_address": "Webergasse\n12",
            "name_full_with_honorific": ["Rick Ludewig"],
            "address_home_dependent_thoroughfare_name_status": "VERIFICATION_STATUS_UNSPECIFIED",
            "name_last_first": [""],
            "address_home_language_code": "",
            "address_home_city_status": "OBSERVED",
            "address_home_floor": "",
            "birthdate_year": 0,
            "name_last_conjunction": [""],
            "name_last_first_status": ["PARSED"],
            "birthdate_month": 0,
            "name_middle": [""],
            "company_name": "",
            "name_last_status": ["OBSERVED"],
            "guid": "d0768a14-9e9a-4279-93ab-ad99aad99ce3",
            "address_home_dependent_thoroughfare_name": "",
            "address_home_dependent_locality_status": "VERIFICATION_STATUS_UNSPECIFIED",
            "address_home_apt_num_status": "VERIFICATION_STATUS_UNSPECIFIED",
            "disallow_settings_visible_updates": false,
            "address_home_city": "Leisnig",
            "name_full": ["Rick Ludewig"],
            "name_full_status": ["OBSERVED"],
            "origin": "",
            "name_last_second_status": ["PARSED"],
            "address_home_subpremise_name_status": "FORMATTED",
            "name_last": ["Ludewig"],
            "use_count": 88,
            "address_home_thoroughfare_name": "Webergasse",
            "address_home_thoroughfare_number_status": "OBSERVED",
            "address_home_premise_name_status": "PARSED",
            "name_last_second": ["Ludewig"],
            "address_home_premise_name": "",
            "address_home_line1": "Webergasse",
            "address_home_line2": "12",
            "address_home_street_address_status": "OBSERVED",
            "name_first": ["Rick"],
            "address_home_sorting_code": "",
            "name_honorific": [""],
            "name_last_conjunction_status": ["PARSED"],
            "address_home_state": "Bitte wählen Sie Region, Land oder Bundesland",
            "address_home_dependent_locality": "",
            "address_home_sorting_code_status": "VERIFICATION_STATUS_UNSPECIFIED",
            "address_home_subpremise_name": "",
            "email_address": ["Ludewig.rick@googlemail.com"],
            "address_home_thoroughfare_name_status": "OBSERVED",
            "address_home_floor_status": "VERIFICATION_STATUS_UNSPECIFIED",
            "phone_home_whole_number": ["+49 162 8223600"],
            "use_date": 1675223843
},
        {
            "address_home_state_status": "OBSERVED",
            "address_home_country_status": "OBSERVED",
            "address_home_country": "DE",
            "name_honorific_status": ["VERIFICATION_STATUS_UNSPECIFIED"],
            "address_home_apt_num": "",
            "name_first_status": ["OBSERVED"],
            "address_home_thoroughfare_number": "12",
            "address_home_zip_status": "OBSERVED",
            "name_middle_status": ["VERIFICATION_STATUS_UNSPECIFIED"],
            "address_home_zip": "04703",
            "birthdate_day": 0,
            "name_full_with_honorific_status": ["VERIFICATION_STATUS_UNSPECIFIED"],
            "address_home_street_address": "Webergasse\n12",
            "name_full_with_honorific": ["Sandra ludewig"],
            "address_home_dependent_thoroughfare_name_status": "VERIFICATION_STATUS_UNSPECIFIED",
            "name_last_first": [""],
            "address_home_language_code": "",
            "address_home_city_status": "OBSERVED",
            "address_home_floor": "",
            "birthdate_year": 0,
            "name_last_conjunction": [""],
            "name_last_first_status": ["PARSED"],
            "birthdate_month": 0,
            "name_middle": [""],
            "company_name": "",
            "name_last_status": ["OBSERVED"],
            "guid": "57924563-9621-4909-9930-3904acf3c81e",
            "address_home_dependent_thoroughfare_name": "",
            "address_home_dependent_locality_status": "VERIFICATION_STATUS_UNSPECIFIED",
            "address_home_apt_num_status": "VERIFICATION_STATUS_UNSPECIFIED",
            "disallow_settings_visible_updates": false,
            "address_home_city": "Leisnig",
            "name_full": ["Sandra ludewig"],
            "name_full_status": ["OBSERVED"],
            "origin": "",
            "name_last_second_status": ["PARSED"],
            "address_home_subpremise_name_status": "FORMATTED",
            "name_last": ["ludewig"],
            "use_count": 9,
            "address_home_thoroughfare_name": "Webergasse",
            "address_home_thoroughfare_number_status": "OBSERVED",
            "address_home_premise_name_status": "PARSED",
            "name_last_second": ["ludewig"],
            "address_home_premise_name": "",
            "address_home_line1": "Webergasse",
            "address_home_line2": "12",
            "address_home_street_address_status": "OBSERVED",
            "name_first": ["Sandra"],
            "address_home_sorting_code": "",
            "name_honorific": [""],
            "name_last_conjunction_status": ["PARSED"],
            "address_home_state": "Sachsen",
            "address_home_dependent_locality": "",
            "address_home_sorting_code_status": "VERIFICATION_STATUS_UNSPECIFIED",
            "address_home_subpremise_name": "",
            "email_address": ["1992dynamo.dresden@gmail.com"],
            "address_home_thoroughfare_name_status": "OBSERVED",
            "address_home_floor_status": "VERIFICATION_STATUS_UNSPECIFIED",
            "phone_home_whole_number": ["0162 8223591"],
            "use_date": 1675115009
},
        {
            "address_home_state_status": "VERIFICATION_STATUS_UNSPECIFIED",
            "address_home_country_status": "OBSERVED",
            "address_home_country": "DE",
            "name_honorific_status": ["VERIFICATION_STATUS_UNSPECIFIED"],
            "address_home_apt_num": "",
            "name_first_status": ["PARSED"],
            "address_home_thoroughfare_number": "12",
            "address_home_zip_status": "OBSERVED",
            "name_middle_status": ["VERIFICATION_STATUS_UNSPECIFIED"],
            "address_home_zip": "04703",
            "birthdate_day": 0,
            "name_full_with_honorific_status": ["VERIFICATION_STATUS_UNSPECIFIED"],
            "address_home_street_address": "Webergasse\n12",
            "name_full_with_honorific": ["Sandra Beutner"],
            "address_home_dependent_thoroughfare_name_status": "VERIFICATION_STATUS_UNSPECIFIED",
            "name_last_first": [""],
            "address_home_language_code": "",
            "address_home_city_status": "OBSERVED",
            "address_home_floor": "",
            "birthdate_year": 0,
            "name_last_conjunction": [""],
            "name_last_first_status": ["PARSED"],
            "birthdate_month": 0,
            "name_middle": [""],
            "company_name": "",
            "name_last_status": ["PARSED"],
            "guid": "93cda72b-27ed-44b5-8de3-a2507a34588c",
            "address_home_dependent_thoroughfare_name": "",
            "address_home_dependent_locality_status": "VERIFICATION_STATUS_UNSPECIFIED",
            "address_home_apt_num_status": "VERIFICATION_STATUS_UNSPECIFIED",
            "disallow_settings_visible_updates": false,
            "address_home_city": "Leisnig",
            "name_full": ["Sandra Beutner"],
            "name_full_status": ["OBSERVED"],
            "origin": "",
            "name_last_second_status": ["PARSED"],
            "address_home_subpremise_name_status": "FORMATTED",
            "name_last": ["Beutner"],
            "use_count": 3,
            "address_home_thoroughfare_name": "Webergasse",
            "address_home_thoroughfare_number_status": "OBSERVED",
            "address_home_premise_name_status": "PARSED",
            "name_last_second": ["Beutner"],
            "address_home_premise_name": "",
            "address_home_line1": "Webergasse",
            "address_home_line2": "12",
            "address_home_street_address_status": "OBSERVED",
            "name_first": ["Sandra"],
            "address_home_sorting_code": "",
            "name_honorific": [""],
            "name_last_conjunction_status": ["PARSED"],
            "address_home_state": "",
            "address_home_dependent_locality": "",
            "address_home_sorting_code_status": "VERIFICATION_STATUS_UNSPECIFIED",
            "address_home_subpremise_name": "",
            "email_address": ["1992dynamo.dresden@gmail.com"],
            "address_home_thoroughfare_name_status": "OBSERVED",
            "address_home_floor_status": "VERIFICATION_STATUS_UNSPECIFIED",
            "phone_home_whole_number": ["0162 8223600"],
            "use_date": 1674971323
},
        {
            "address_home_state_status": "VERIFICATION_STATUS_UNSPECIFIED",
            "address_home_country_status": "VERIFICATION_STATUS_UNSPECIFIED",
            "address_home_country": "",
            "name_honorific_status": ["VERIFICATION_STATUS_UNSPECIFIED"],
            "address_home_apt_num": "",
            "name_first_status": ["PARSED"],
            "address_home_thoroughfare_number": "",
            "address_home_zip_status": "OBSERVED",
            "name_middle_status": ["PARSED"],
            "address_home_zip": "04703",
            "birthdate_day": 0,
            "name_full_with_honorific_status": ["VERIFICATION_STATUS_UNSPECIFIED"],
            "address_home_street_address": "Webergasse",
            "name_full_with_honorific": ["Rick Ludewig"],
            "address_home_dependent_thoroughfare_name_status": "VERIFICATION_STATUS_UNSPECIFIED",
            "name_last_first": [""],
            "address_home_language_code": "",
            "address_home_city_status": "OBSERVED",
            "address_home_floor": "",
            "birthdate_year": 0,
            "name_last_conjunction": [""],
            "name_last_first_status": ["PARSED"],
            "birthdate_month": 0,
            "name_middle": [""],
            "company_name": "",
            "name_last_status": ["PARSED"],
            "guid": "7ed23a4b-7941-48c4-905d-8a80cdab207c",
            "address_home_dependent_thoroughfare_name": "",
            "address_home_dependent_locality_status": "VERIFICATION_STATUS_UNSPECIFIED",
            "address_home_apt_num_status": "VERIFICATION_STATUS_UNSPECIFIED",
            "disallow_settings_visible_updates": false,
            "address_home_city": "Leisnig",
            "name_full": ["Rick Ludewig"],
            "name_full_status": ["OBSERVED"],
            "origin": "",
            "name_last_second_status": ["PARSED"],
            "address_home_subpremise_name_status": "FORMATTED",
            "name_last": ["Ludewig"],
            "use_count": 1,
            "address_home_thoroughfare_name": "",
            "address_home_thoroughfare_number_status": "PARSED",
            "address_home_premise_name_status": "PARSED",
            "name_last_second": ["Ludewig"],
            "address_home_premise_name": "",
            "address_home_line1": "Webergasse",
            "address_home_line2": "",
            "address_home_street_address_status": "OBSERVED",
            "name_first": ["Rick"],
            "address_home_sorting_code": "",
            "name_honorific": [""],
            "name_last_conjunction_status": ["PARSED"],
            "address_home_state": "",
            "address_home_dependent_locality": "",
            "address_home_sorting_code_status": "VERIFICATION_STATUS_UNSPECIFIED",
            "address_home_subpremise_name": "",
            "email_address": ["Atzeprinz@gmail.com"],
            "address_home_thoroughfare_name_status": "VERIFICATION_STATUS_UNSPECIFIED",
            "address_home_floor_status": "VERIFICATION_STATUS_UNSPECIFIED",
            "phone_home_whole_number": ["0162 8223600"],
            "use_date": 1676010398
},
        {
            "address_home_state_status": "VERIFICATION_STATUS_UNSPECIFIED",
            "address_home_country_status": "OBSERVED",
            "address_home_country": "DE",
            "name_honorific_status": ["VERIFICATION_STATUS_UNSPECIFIED"],
            "address_home_apt_num": "",
            "name_first_status": ["PARSED"],
            "address_home_thoroughfare_number": "12",
            "address_home_zip_status": "OBSERVED",
            "name_middle_status": ["VERIFICATION_STATUS_UNSPECIFIED"],
            "address_home_zip": "04703",
            "birthdate_day": 0,
            "name_full_with_honorific_status": ["VERIFICATION_STATUS_UNSPECIFIED"],
            "address_home_street_address": "Webergasse 12",
            "name_full_with_honorific": ["Ludewig-Beutner"],
            "address_home_dependent_thoroughfare_name_status": "VERIFICATION_STATUS_UNSPECIFIED",
            "name_last_first": [""],
            "address_home_language_code": "",
            "address_home_city_status": "OBSERVED",
            "address_home_floor": "",
            "birthdate_year": 0,
            "name_last_conjunction": [""],
            "name_last_first_status": ["VERIFICATION_STATUS_UNSPECIFIED"],
            "birthdate_month": 0,
            "name_middle": [""],
            "company_name": "",
            "name_last_status": ["FORMATTED"],
            "guid": "bbcaa4dc-cd25-4a33-bcd4-9772fff0915c",
            "address_home_dependent_thoroughfare_name": "",
            "address_home_dependent_locality_status": "VERIFICATION_STATUS_UNSPECIFIED",
            "address_home_apt_num_status": "PARSED",
            "disallow_settings_visible_updates": false,
            "address_home_city": "Leisnig",
            "name_full": ["Ludewig-Beutner"],
            "name_full_status": ["OBSERVED"],
            "origin": "",
            "name_last_second_status": ["VERIFICATION_STATUS_UNSPECIFIED"],
            "address_home_subpremise_name_status": "FORMATTED",
            "name_last": [""],
            "use_count": 6,
            "address_home_thoroughfare_name": "Webergasse",
            "address_home_thoroughfare_number_status": "OBSERVED",
            "address_home_premise_name_status": "PARSED",
            "name_last_second": [""],
            "address_home_premise_name": "",
            "address_home_line1": "Webergasse 12",
            "address_home_line2": "",
            "address_home_street_address_status": "OBSERVED",
            "name_first": ["Ludewig-Beutner"],
            "address_home_sorting_code": "",
            "name_honorific": [""],
            "name_last_conjunction_status": ["VERIFICATION_STATUS_UNSPECIFIED"],
            "address_home_state": "",
            "address_home_dependent_locality": "",
            "address_home_sorting_code_status": "VERIFICATION_STATUS_UNSPECIFIED",
            "address_home_subpremise_name": "",
            "email_address": [""],
            "address_home_thoroughfare_name_status": "OBSERVED",
            "address_home_floor_status": "PARSED",
            "phone_home_whole_number": ["+49 162 8223600"],
            "use_date": 1674218093
},
        {
            "address_home_state_status": "VERIFICATION_STATUS_UNSPECIFIED",
            "address_home_country_status": "OBSERVED",
            "address_home_country": "DE",
            "name_honorific_status": ["VERIFICATION_STATUS_UNSPECIFIED"],
            "address_home_apt_num": "",
            "name_first_status": ["OBSERVED"],
            "address_home_thoroughfare_number": "12",
            "address_home_zip_status": "OBSERVED",
            "name_middle_status": ["VERIFICATION_STATUS_UNSPECIFIED"],
            "address_home_zip": "04703",
            "birthdate_day": 0,
            "name_full_with_honorific_status": ["VERIFICATION_STATUS_UNSPECIFIED"],
            "address_home_street_address": "Webergasse\n12",
            "name_full_with_honorific": ["Rick Ludewig"],
            "address_home_dependent_thoroughfare_name_status": "VERIFICATION_STATUS_UNSPECIFIED",
            "name_last_first": [""],
            "address_home_language_code": "",
            "address_home_city_status": "OBSERVED",
            "address_home_floor": "",
            "birthdate_year": 0,
            "name_last_conjunction": [""],
            "name_last_first_status": ["PARSED"],
            "birthdate_month": 0,
            "name_middle": [""],
            "company_name": "",
            "name_last_status": ["OBSERVED"],
            "guid": "0911bb2a-a4ab-4774-9206-58e4a390a4ec",
            "address_home_dependent_thoroughfare_name": "",
            "address_home_dependent_locality_status": "VERIFICATION_STATUS_UNSPECIFIED",
            "address_home_apt_num_status": "VERIFICATION_STATUS_UNSPECIFIED",
            "disallow_settings_visible_updates": false,
            "address_home_city": "Leisnig",
            "name_full": ["Rick Ludewig"],
            "name_full_status": ["OBSERVED"],
            "origin": "",
            "name_last_second_status": ["PARSED"],
            "address_home_subpremise_name_status": "FORMATTED",
            "name_last": ["Ludewig"],
            "use_count": 1,
            "address_home_thoroughfare_name": "Webergasse",
            "address_home_thoroughfare_number_status": "OBSERVED",
            "address_home_premise_name_status": "PARSED",
            "name_last_second": ["Ludewig"],
            "address_home_premise_name": "",
            "address_home_line1": "Webergasse",
            "address_home_line2": "12",
            "address_home_street_address_status": "OBSERVED",
            "name_first": ["Rick"],
            "address_home_sorting_code": "",
            "name_honorific": [""],
            "name_last_conjunction_status": ["PARSED"],
            "address_home_state": "",
            "address_home_dependent_locality": "",
            "address_home_sorting_code_status": "VERIFICATION_STATUS_UNSPECIFIED",
            "address_home_subpremise_name": "",
            "email_address": ["ludewig.rick@googlemail.com"],
            "address_home_thoroughfare_name_status": "OBSERVED",
            "address_home_floor_status": "VERIFICATION_STATUS_UNSPECIFIED",
            "phone_home_whole_number": ["+49 162 8223600"],
            "use_date": 1675114503
},
        {
            "address_home_state_status": "VERIFICATION_STATUS_UNSPECIFIED",
            "address_home_country_status": "VERIFICATION_STATUS_UNSPECIFIED",
            "address_home_country": "",
            "name_honorific_status": ["VERIFICATION_STATUS_UNSPECIFIED"],
            "address_home_apt_num": "",
            "name_first_status": ["PARSED"],
            "address_home_thoroughfare_number": "33",
            "address_home_zip_status": "OBSERVED",
            "name_middle_status": ["VERIFICATION_STATUS_UNSPECIFIED"],
            "address_home_zip": "01936",
            "birthdate_day": 0,
            "name_full_with_honorific_status": ["VERIFICATION_STATUS_UNSPECIFIED"],
            "address_home_street_address": "Weißbacher Str.\n33",
            "name_full_with_honorific": ["Pascal Schurig"],
            "address_home_dependent_thoroughfare_name_status": "VERIFICATION_STATUS_UNSPECIFIED",
            "name_last_first": [""],
            "address_home_language_code": "",
            "address_home_city_status": "OBSERVED",
            "address_home_floor": "",
            "birthdate_year": 0,
            "name_last_conjunction": [""],
            "name_last_first_status": ["PARSED"],
            "birthdate_month": 0,
            "name_middle": [""],
            "company_name": "",
            "name_last_status": ["PARSED"],
            "guid": "f9f92bce-0cc4-4ad2-ba9f-49c3c26148b1",
            "address_home_dependent_thoroughfare_name": "",
            "address_home_dependent_locality_status": "VERIFICATION_STATUS_UNSPECIFIED",
            "address_home_apt_num_status": "VERIFICATION_STATUS_UNSPECIFIED",
            "disallow_settings_visible_updates": false,
            "address_home_city": "Königsbrück",
            "name_full": ["Pascal Schurig"],
            "name_full_status": ["OBSERVED"],
            "origin": "",
            "name_last_second_status": ["PARSED"],
            "address_home_subpremise_name_status": "FORMATTED",
            "name_last": ["Schurig"],
            "use_count": 14,
            "address_home_thoroughfare_name": "Weißbacher Str.",
            "address_home_thoroughfare_number_status": "PARSED",
            "address_home_premise_name_status": "PARSED",
            "name_last_second": ["Schurig"],
            "address_home_premise_name": "",
            "address_home_line1": "Weißbacher Str.",
            "address_home_line2": "33",
            "address_home_street_address_status": "OBSERVED",
            "name_first": ["Pascal"],
            "address_home_sorting_code": "",
            "name_honorific": [""],
            "name_last_conjunction_status": ["PARSED"],
            "address_home_state": "",
            "address_home_dependent_locality": "",
            "address_home_sorting_code_status": "VERIFICATION_STATUS_UNSPECIFIED",
            "address_home_subpremise_name": "",
            "email_address": ["1992dynamo.dresden1953@gmail.com"],
            "address_home_thoroughfare_name_status": "PARSED",
            "address_home_floor_status": "VERIFICATION_STATUS_UNSPECIFIED",
            "phone_home_whole_number": [""],
            "use_date": 1676016627
},
        {
            "address_home_state_status": "VERIFICATION_STATUS_UNSPECIFIED",
            "address_home_country_status": "VERIFICATION_STATUS_UNSPECIFIED",
            "address_home_country": "DE",
            "name_honorific_status": ["VERIFICATION_STATUS_UNSPECIFIED"],
            "name_first_status": ["VERIFICATION_STATUS_UNSPECIFIED"],
            "address_home_thoroughfare_number": "",
            "address_home_zip_status": "VERIFICATION_STATUS_UNSPECIFIED",
            "name_middle_status": ["VERIFICATION_STATUS_UNSPECIFIED"],
            "address_home_zip": "04703",
            "address_home_street_address": "Webergasse\n12",
            "address_home_dependent_thoroughfare_name_status": "VERIFICATION_STATUS_UNSPECIFIED",
            "name_last_first": [""],
            "address_home_language_code": "",
            "address_home_city_status": "VERIFICATION_STATUS_UNSPECIFIED",
            "name_last_conjunction": [""],
            "name_last_first_status": ["VERIFICATION_STATUS_UNSPECIFIED"],
            "name_middle": [""],
            "company_name": "",
            "name_last_status": ["VERIFICATION_STATUS_UNSPECIFIED"],
            "guid": "69629c6e-6116-474c-be49-f3f14399a381",
            "address_home_dependent_thoroughfare_name": "",
            "address_home_dependent_locality_status": "VERIFICATION_STATUS_UNSPECIFIED",
            "address_home_city": "leisnig",
            "name_full": ["Rick"],
            "name_full_status": ["VERIFICATION_STATUS_UNSPECIFIED"],
            "origin": "",
            "name_last_second_status": ["VERIFICATION_STATUS_UNSPECIFIED"],
            "address_home_subpremise_name_status": "VERIFICATION_STATUS_UNSPECIFIED",
            "name_last": [""],
            "use_count": 5,
            "address_home_thoroughfare_name": "",
            "address_home_thoroughfare_number_status": "VERIFICATION_STATUS_UNSPECIFIED",
            "address_home_premise_name_status": "VERIFICATION_STATUS_UNSPECIFIED",
            "name_last_second": [""],
            "address_home_premise_name": "",
            "address_home_line1": "Webergasse",
            "address_home_line2": "12",
            "address_home_street_address_status": "VERIFICATION_STATUS_UNSPECIFIED",
            "name_first": ["Rick"],
            "address_home_sorting_code": "",
            "name_honorific": [""],
            "name_last_conjunction_status": ["VERIFICATION_STATUS_UNSPECIFIED"],
            "address_home_state": "",
            "address_home_dependent_locality": "",
            "address_home_sorting_code_status": "VERIFICATION_STATUS_UNSPECIFIED",
            "is_client_validity_states_updated": false,
            "address_home_subpremise_name": "",
            "email_address": ["ludewig.rick@googlemail.com"],
            "validity_state_bitfield": 0,
            "address_home_thoroughfare_name_status": "VERIFICATION_STATUS_UNSPECIFIED",
            "phone_home_whole_number": ["0162 8223600"],
            "use_date": 1597484119
},
        {
            "address_home_state_status": "VERIFICATION_STATUS_UNSPECIFIED",
            "address_home_country_status": "OBSERVED",
            "address_home_country": "DE",
            "name_honorific_status": ["VERIFICATION_STATUS_UNSPECIFIED"],
            "address_home_apt_num": "",
            "name_first_status": ["PARSED"],
            "address_home_thoroughfare_number": "12",
            "address_home_zip_status": "OBSERVED",
            "name_middle_status": ["PARSED"],
            "address_home_zip": "04703",
            "birthdate_day": 0,
            "name_full_with_honorific_status": ["VERIFICATION_STATUS_UNSPECIFIED"],
            "address_home_street_address": "Webergasse 12\n12",
            "name_full_with_honorific": ["Sandra Elke Beutner"],
            "address_home_dependent_thoroughfare_name_status": "VERIFICATION_STATUS_UNSPECIFIED",
            "name_last_first": [""],
            "address_home_language_code": "",
            "address_home_city_status": "OBSERVED",
            "address_home_floor": "",
            "birthdate_year": 0,
            "name_last_conjunction": [""],
            "name_last_first_status": ["PARSED"],
            "birthdate_month": 0,
            "name_middle": ["Elke"],
            "company_name": "",
            "name_last_status": ["PARSED"],
            "guid": "520b708b-3230-4985-9ede-351717c9e003",
            "address_home_dependent_thoroughfare_name": "",
            "address_home_dependent_locality_status": "VERIFICATION_STATUS_UNSPECIFIED",
            "address_home_apt_num_status": "VERIFICATION_STATUS_UNSPECIFIED",
            "disallow_settings_visible_updates": false,
            "address_home_city": "Leisnig",
            "name_full": ["Sandra Elke Beutner"],
            "name_full_status": ["OBSERVED"],
            "origin": "",
            "name_last_second_status": ["PARSED"],
            "address_home_subpremise_name_status": "FORMATTED",
            "name_last": ["Beutner"],
            "use_count": 49,
            "address_home_thoroughfare_name": "Webergasse 12",
            "address_home_thoroughfare_number_status": "PARSED",
            "address_home_premise_name_status": "PARSED",
            "name_last_second": ["Beutner"],
            "address_home_premise_name": "",
            "address_home_line1": "Webergasse 12",
            "address_home_line2": "12",
            "address_home_street_address_status": "OBSERVED",
            "name_first": ["Sandra"],
            "address_home_sorting_code": "",
            "name_honorific": [""],
            "name_last_conjunction_status": ["PARSED"],
            "address_home_state": "",
            "address_home_dependent_locality": "",
            "address_home_sorting_code_status": "VERIFICATION_STATUS_UNSPECIFIED",
            "address_home_subpremise_name": "",
            "email_address": ["ludewig.rick@googlemail.com"],
            "address_home_thoroughfare_name_status": "PARSED",
            "address_home_floor_status": "VERIFICATION_STATUS_UNSPECIFIED",
            "phone_home_whole_number": ["+49 162 8223600"],
            "use_date": 1674971323
},
        {
            "address_home_state_status": "VERIFICATION_STATUS_UNSPECIFIED",
            "address_home_country_status": "VERIFICATION_STATUS_UNSPECIFIED",
            "address_home_country": "",
            "name_honorific_status": ["VERIFICATION_STATUS_UNSPECIFIED"],
            "name_first_status": ["VERIFICATION_STATUS_UNSPECIFIED"],
            "address_home_thoroughfare_number": "",
            "address_home_zip_status": "VERIFICATION_STATUS_UNSPECIFIED",
            "name_middle_status": ["VERIFICATION_STATUS_UNSPECIFIED"],
            "address_home_zip": "01936",
            "address_home_street_address": "Weißbacher Str.\n33",
            "address_home_dependent_thoroughfare_name_status": "VERIFICATION_STATUS_UNSPECIFIED",
            "name_last_first": [""],
            "address_home_language_code": "",
            "address_home_city_status": "VERIFICATION_STATUS_UNSPECIFIED",
            "name_last_conjunction": [""],
            "name_last_first_status": ["VERIFICATION_STATUS_UNSPECIFIED"],
            "name_middle": [""],
            "company_name": "",
            "name_last_status": ["VERIFICATION_STATUS_UNSPECIFIED"],
            "guid": "2dc712af-9494-4e0f-a125-a05c554ea734",
            "address_home_dependent_thoroughfare_name": "",
            "address_home_dependent_locality_status": "VERIFICATION_STATUS_UNSPECIFIED",
            "address_home_city": "königsbrück",
            "name_full": [""],
            "name_full_status": ["VERIFICATION_STATUS_UNSPECIFIED"],
            "origin": "",
            "name_last_second_status": ["VERIFICATION_STATUS_UNSPECIFIED"],
            "address_home_subpremise_name_status": "VERIFICATION_STATUS_UNSPECIFIED",
            "name_last": ["ludewig"],
            "use_count": 4,
            "address_home_thoroughfare_name": "",
            "address_home_thoroughfare_number_status": "VERIFICATION_STATUS_UNSPECIFIED",
            "address_home_premise_name_status": "VERIFICATION_STATUS_UNSPECIFIED",
            "name_last_second": [""],
            "address_home_premise_name": "",
            "address_home_line1": "Weißbacher Str.",
            "address_home_line2": "33",
            "address_home_street_address_status": "VERIFICATION_STATUS_UNSPECIFIED",
            "name_first": ["Rick"],
            "address_home_sorting_code": "",
            "name_honorific": [""],
            "name_last_conjunction_status": ["VERIFICATION_STATUS_UNSPECIFIED"],
            "address_home_state": "",
            "address_home_dependent_locality": "",
            "address_home_sorting_code_status": "VERIFICATION_STATUS_UNSPECIFIED",
            "is_client_validity_states_updated": false,
            "address_home_subpremise_name": "",
            "email_address": [""],
            "validity_state_bitfield": 0,
            "address_home_thoroughfare_name_status": "VERIFICATION_STATUS_UNSPECIFIED",
            "phone_home_whole_number": [""],
            "use_date": 1600137855
},
        {
            "address_home_state_status": "VERIFICATION_STATUS_UNSPECIFIED",
            "address_home_country_status": "OBSERVED",
            "address_home_country": "DE",
            "name_honorific_status": ["VERIFICATION_STATUS_UNSPECIFIED"],
            "address_home_apt_num": "",
            "name_first_status": ["OBSERVED"],
            "address_home_thoroughfare_number": "12",
            "address_home_zip_status": "OBSERVED",
            "name_middle_status": ["PARSED"],
            "address_home_zip": "04703",
            "birthdate_day": 0,
            "name_full_with_honorific_status": ["VERIFICATION_STATUS_UNSPECIFIED"],
            "address_home_street_address": "Webergasse\n12",
            "name_full_with_honorific": ["Rick ludewig"],
            "address_home_dependent_thoroughfare_name_status": "VERIFICATION_STATUS_UNSPECIFIED",
            "name_last_first": [""],
            "address_home_language_code": "",
            "address_home_city_status": "OBSERVED",
            "address_home_floor": "",
            "birthdate_year": 0,
            "name_last_conjunction": [""],
            "name_last_first_status": ["PARSED"],
            "birthdate_month": 0,
            "name_middle": [""],
            "company_name": "",
            "name_last_status": ["OBSERVED"],
            "guid": "061b8330-ddd5-4902-830a-ea52e95f217f",
            "address_home_dependent_thoroughfare_name": "",
            "address_home_dependent_locality_status": "VERIFICATION_STATUS_UNSPECIFIED",
            "address_home_apt_num_status": "VERIFICATION_STATUS_UNSPECIFIED",
            "disallow_settings_visible_updates": false,
            "address_home_city": "Leisnig",
            "name_full": ["Rick ludewig"],
            "name_full_status": ["OBSERVED"],
            "origin": "",
            "name_last_second_status": ["PARSED"],
            "address_home_subpremise_name_status": "FORMATTED",
            "name_last": ["Ludewig"],
            "use_count": 44,
            "address_home_thoroughfare_name": "Webergasse",
            "address_home_thoroughfare_number_status": "OBSERVED",
            "address_home_premise_name_status": "PARSED",
            "name_last_second": ["Ludewig"],
            "address_home_premise_name": "",
            "address_home_line1": "Webergasse",
            "address_home_line2": "12",
            "address_home_street_address_status": "OBSERVED",
            "name_first": ["Rick"],
            "address_home_sorting_code": "",
            "name_honorific": [""],
            "name_last_conjunction_status": ["PARSED"],
            "address_home_state": "",
            "address_home_dependent_locality": "",
            "address_home_sorting_code_status": "VERIFICATION_STATUS_UNSPECIFIED",
            "address_home_subpremise_name": "",
            "email_address": ["rick.mildner@googlemail.com"],
            "address_home_thoroughfare_name_status": "OBSERVED",
            "address_home_floor_status": "VERIFICATION_STATUS_UNSPECIFIED",
            "phone_home_whole_number": ["+49 162 8223600"],
            "use_date": 1676012533
},
        {
            "address_home_state_status": "VERIFICATION_STATUS_UNSPECIFIED",
            "address_home_country_status": "OBSERVED",
            "address_home_country": "DE",
            "name_honorific_status": ["VERIFICATION_STATUS_UNSPECIFIED"],
            "address_home_apt_num": "",
            "name_first_status": ["OBSERVED"],
            "address_home_thoroughfare_number": "4",
            "address_home_zip_status": "OBSERVED",
            "name_middle_status": ["VERIFICATION_STATUS_UNSPECIFIED"],
            "address_home_zip": "04703",
            "birthdate_day": 0,
            "name_full_with_honorific_status": ["VERIFICATION_STATUS_UNSPECIFIED"],
            "address_home_street_address": "Teichgasse 4",
            "name_full_with_honorific": ["Rita Riedel"],
            "address_home_dependent_thoroughfare_name_status": "VERIFICATION_STATUS_UNSPECIFIED",
            "name_last_first": [""],
            "address_home_language_code": "",
            "address_home_city_status": "OBSERVED",
            "address_home_floor": "",
            "birthdate_year": 0,
            "name_last_conjunction": [""],
            "name_last_first_status": ["PARSED"],
            "birthdate_month": 0,
            "name_middle": [""],
            "company_name": "",
            "name_last_status": ["OBSERVED"],
            "guid": "e10bf7ab-3415-48d5-a9dc-b1bd88bd205f",
            "address_home_dependent_thoroughfare_name": "",
            "address_home_dependent_locality_status": "VERIFICATION_STATUS_UNSPECIFIED",
            "address_home_apt_num_status": "VERIFICATION_STATUS_UNSPECIFIED",
            "disallow_settings_visible_updates": false,
            "address_home_city": "Leisnig",
            "name_full": ["Rita Riedel"],
            "name_full_status": ["FORMATTED"],
            "origin": "",
            "name_last_second_status": ["PARSED"],
            "address_home_subpremise_name_status": "FORMATTED",
            "name_last": ["Riedel"],
            "use_count": 4,
            "address_home_thoroughfare_name": "Teichgasse",
            "address_home_thoroughfare_number_status": "OBSERVED",
            "address_home_premise_name_status": "VERIFICATION_STATUS_UNSPECIFIED",
            "name_last_second": ["Riedel"],
            "address_home_premise_name": "",
            "address_home_line1": "Teichgasse 4",
            "address_home_line2": "",
            "address_home_street_address_status": "FORMATTED",
            "name_first": ["Rita"],
            "address_home_sorting_code": "",
            "name_honorific": [""],
            "name_last_conjunction_status": ["PARSED"],
            "address_home_state": "",
            "address_home_dependent_locality": "",
            "address_home_sorting_code_status": "VERIFICATION_STATUS_UNSPECIFIED",
            "address_home_subpremise_name": "",
            "email_address": ["Atzeprinz@gmail.com"],
            "address_home_thoroughfare_name_status": "OBSERVED",
            "address_home_floor_status": "VERIFICATION_STATUS_UNSPECIFIED",
            "phone_home_whole_number": ["0162 8223600"],
            "use_date": 1675070829
},
        {
            "address_home_state_status": "VERIFICATION_STATUS_UNSPECIFIED",
            "address_home_country_status": "VERIFICATION_STATUS_UNSPECIFIED",
            "address_home_country": "",
            "name_honorific_status": ["VERIFICATION_STATUS_UNSPECIFIED"],
            "name_first_status": ["VERIFICATION_STATUS_UNSPECIFIED"],
            "address_home_thoroughfare_number": "",
            "address_home_zip_status": "VERIFICATION_STATUS_UNSPECIFIED",
            "name_middle_status": ["VERIFICATION_STATUS_UNSPECIFIED"],
            "address_home_zip": "04703",
            "address_home_street_address": "beutner",
            "address_home_dependent_thoroughfare_name_status": "VERIFICATION_STATUS_UNSPECIFIED",
            "name_last_first": [""],
            "address_home_language_code": "",
            "address_home_city_status": "VERIFICATION_STATUS_UNSPECIFIED",
            "name_last_conjunction": [""],
            "name_last_first_status": ["VERIFICATION_STATUS_UNSPECIFIED"],
            "name_middle": [""],
            "company_name": "",
            "name_last_status": ["VERIFICATION_STATUS_UNSPECIFIED"],
            "guid": "d5a66e36-400e-4fce-81c3-efed84d2ea05",
            "address_home_dependent_thoroughfare_name": "",
            "address_home_dependent_locality_status": "VERIFICATION_STATUS_UNSPECIFIED",
            "address_home_city": "Leisnig",
            "name_full": ["Sandra"],
            "name_full_status": ["VERIFICATION_STATUS_UNSPECIFIED"],
            "origin": "",
            "name_last_second_status": ["VERIFICATION_STATUS_UNSPECIFIED"],
            "address_home_subpremise_name_status": "VERIFICATION_STATUS_UNSPECIFIED",
            "name_last": [""],
            "use_count": 9,
            "address_home_thoroughfare_name": "",
            "address_home_thoroughfare_number_status": "VERIFICATION_STATUS_UNSPECIFIED",
            "address_home_premise_name_status": "VERIFICATION_STATUS_UNSPECIFIED",
            "name_last_second": [""],
            "address_home_premise_name": "",
            "address_home_line1": "beutner",
            "address_home_line2": "",
            "address_home_street_address_status": "VERIFICATION_STATUS_UNSPECIFIED",
            "name_first": ["Sandra"],
            "address_home_sorting_code": "",
            "name_honorific": [""],
            "name_last_conjunction_status": ["VERIFICATION_STATUS_UNSPECIFIED"],
            "address_home_state": "",
            "address_home_dependent_locality": "",
            "address_home_sorting_code_status": "VERIFICATION_STATUS_UNSPECIFIED",
            "is_client_validity_states_updated": false,
            "address_home_subpremise_name": "",
            "email_address": ["Ludewig.rick@googlemail.com"],
            "validity_state_bitfield": 0,
            "address_home_thoroughfare_name_status": "VERIFICATION_STATUS_UNSPECIFIED",
            "phone_home_whole_number": ["0162 8223600"],
            "use_date": 1605079134
},
        {
            "address_home_state_status": "VERIFICATION_STATUS_UNSPECIFIED",
            "address_home_country_status": "OBSERVED",
            "address_home_country": "DE",
            "name_honorific_status": ["VERIFICATION_STATUS_UNSPECIFIED"],
            "address_home_apt_num": "",
            "name_first_status": ["OBSERVED"],
            "address_home_thoroughfare_number": "12",
            "address_home_zip_status": "OBSERVED",
            "name_middle_status": ["VERIFICATION_STATUS_UNSPECIFIED"],
            "address_home_zip": "04703",
            "birthdate_day": 0,
            "name_full_with_honorific_status": ["VERIFICATION_STATUS_UNSPECIFIED"],
            "address_home_street_address": "Webergasse\n12",
            "name_full_with_honorific": ["Rick Ludewig"],
            "address_home_dependent_thoroughfare_name_status": "VERIFICATION_STATUS_UNSPECIFIED",
            "name_last_first": [""],
            "address_home_language_code": "",
            "address_home_city_status": "OBSERVED",
            "address_home_floor": "",
            "birthdate_year": 0,
            "name_last_conjunction": [""],
            "name_last_first_status": ["PARSED"],
            "birthdate_month": 0,
            "name_middle": [""],
            "company_name": "",
            "name_last_status": ["OBSERVED"],
            "guid": "2ab9c067-5363-4a2d-937a-b10185692112",
            "address_home_dependent_thoroughfare_name": "",
            "address_home_dependent_locality_status": "VERIFICATION_STATUS_UNSPECIFIED",
            "address_home_apt_num_status": "VERIFICATION_STATUS_UNSPECIFIED",
            "disallow_settings_visible_updates": false,
            "address_home_city": "Leisnig",
            "name_full": ["Rick Ludewig"],
            "name_full_status": ["OBSERVED"],
            "origin": "",
            "name_last_second_status": ["PARSED"],
            "address_home_subpremise_name_status": "FORMATTED",
            "name_last": ["Ludewig"],
            "use_count": 2,
            "address_home_thoroughfare_name": "Webergasse",
            "address_home_thoroughfare_number_status": "OBSERVED",
            "address_home_premise_name_status": "PARSED",
            "name_last_second": ["Ludewig"],
            "address_home_premise_name": "",
            "address_home_line1": "Webergasse",
            "address_home_line2": "12",
            "address_home_street_address_status": "OBSERVED",
            "name_first": ["Rick"],
            "address_home_sorting_code": "",
            "name_honorific": [""],
            "name_last_conjunction_status": ["PARSED"],
            "address_home_state": "",
            "address_home_dependent_locality": "",
            "address_home_sorting_code_status": "VERIFICATION_STATUS_UNSPECIFIED",
            "address_home_subpremise_name": "",
            "email_address": ["rick.mildner@googlemail.com"],
            "address_home_thoroughfare_name_status": "OBSERVED",
            "address_home_floor_status": "VERIFICATION_STATUS_UNSPECIFIED",
            "phone_home_whole_number": ["0162"],
            "use_date": 1675114503
},
        {
            "address_home_state_status": "VERIFICATION_STATUS_UNSPECIFIED",
            "address_home_country_status": "VERIFICATION_STATUS_UNSPECIFIED",
            "address_home_country": "",
            "name_honorific_status": ["VERIFICATION_STATUS_UNSPECIFIED"],
            "address_home_apt_num": "",
            "name_first_status": ["PARSED"],
            "address_home_thoroughfare_number": "",
            "address_home_zip_status": "OBSERVED",
            "name_middle_status": ["PARSED"],
            "address_home_zip": "04703",
            "name_full_with_honorific_status": ["VERIFICATION_STATUS_UNSPECIFIED"],
            "address_home_street_address": "Jahnstraße 11 a",
            "name_full_with_honorific": ["Frau Busch seniorenzentrum leisnig"],
            "address_home_dependent_thoroughfare_name_status": "VERIFICATION_STATUS_UNSPECIFIED",
            "name_last_first": [""],
            "address_home_language_code": "",
            "address_home_city_status": "OBSERVED",
            "address_home_floor": "",
            "name_last_conjunction": [""],
            "name_last_first_status": ["PARSED"],
            "name_middle": ["seniorenzentrum"],
            "company_name": "",
            "name_last_status": ["PARSED"],
            "guid": "2dec53e5-0e91-47e6-ba0a-a5bd55521078",
            "address_home_dependent_thoroughfare_name": "",
            "address_home_dependent_locality_status": "VERIFICATION_STATUS_UNSPECIFIED",
            "address_home_apt_num_status": "VERIFICATION_STATUS_UNSPECIFIED",
            "disallow_settings_visible_updates": false,
            "address_home_city": "Leisnig",
            "name_full": ["Frau Busch seniorenzentrum leisnig"],
            "name_full_status": ["OBSERVED"],
            "origin": "",
            "name_last_second_status": ["PARSED"],
            "address_home_subpremise_name_status": "FORMATTED",
            "name_last": ["leisnig"],
            "use_count": 1,
            "address_home_thoroughfare_name": "",
            "address_home_thoroughfare_number_status": "PARSED",
            "address_home_premise_name_status": "PARSED",
            "name_last_second": ["leisnig"],
            "address_home_premise_name": "",
            "address_home_line1": "Jahnstraße 11 a",
            "address_home_line2": "",
            "address_home_street_address_status": "OBSERVED",
            "name_first": ["Busch"],
            "address_home_sorting_code": "",
            "name_honorific": [""],
            "name_last_conjunction_status": ["PARSED"],
            "address_home_state": "",
            "address_home_dependent_locality": "",
            "address_home_sorting_code_status": "VERIFICATION_STATUS_UNSPECIFIED",
            "is_client_validity_states_updated": false,
            "address_home_subpremise_name": "",
            "email_address": [""],
            "validity_state_bitfield": 0,
            "address_home_thoroughfare_name_status": "VERIFICATION_STATUS_UNSPECIFIED",
            "address_home_floor_status": "VERIFICATION_STATUS_UNSPECIFIED",
            "phone_home_whole_number": [""],
            "use_date": 1634627050
},
        {
            "address_home_state_status": "VERIFICATION_STATUS_UNSPECIFIED",
            "address_home_country_status": "VERIFICATION_STATUS_UNSPECIFIED",
            "address_home_country": "DE",
            "name_honorific_status": ["VERIFICATION_STATUS_UNSPECIFIED"],
            "name_first_status": ["VERIFICATION_STATUS_UNSPECIFIED"],
            "address_home_thoroughfare_number": "",
            "address_home_zip_status": "VERIFICATION_STATUS_UNSPECIFIED",
            "name_middle_status": ["VERIFICATION_STATUS_UNSPECIFIED"],
            "address_home_zip": "04704",
            "address_home_street_address": "Webergasse 12",
            "address_home_dependent_thoroughfare_name_status": "VERIFICATION_STATUS_UNSPECIFIED",
            "name_last_first": [""],
            "address_home_language_code": "",
            "address_home_city_status": "VERIFICATION_STATUS_UNSPECIFIED",
            "name_last_conjunction": [""],
            "name_last_first_status": ["VERIFICATION_STATUS_UNSPECIFIED"],
            "name_middle": [""],
            "company_name": "",
            "name_last_status": ["VERIFICATION_STATUS_UNSPECIFIED"],
            "guid": "6cbb53d4-7050-4792-a6f2-d0bac58f6467",
            "address_home_dependent_thoroughfare_name": "",
            "address_home_dependent_locality_status": "VERIFICATION_STATUS_UNSPECIFIED",
            "address_home_city": "Leisnig",
            "name_full": [""],
            "name_full_status": ["VERIFICATION_STATUS_UNSPECIFIED"],
            "origin": "",
            "name_last_second_status": ["VERIFICATION_STATUS_UNSPECIFIED"],
            "address_home_subpremise_name_status": "VERIFICATION_STATUS_UNSPECIFIED",
            "name_last": ["Ludewig"],
            "use_count": 1,
            "address_home_thoroughfare_name": "",
            "address_home_thoroughfare_number_status": "VERIFICATION_STATUS_UNSPECIFIED",
            "address_home_premise_name_status": "VERIFICATION_STATUS_UNSPECIFIED",
            "name_last_second": [""],
            "address_home_premise_name": "",
            "address_home_line1": "Webergasse 12",
            "address_home_line2": "",
            "address_home_street_address_status": "VERIFICATION_STATUS_UNSPECIFIED",
            "name_first": ["Rick"],
            "address_home_sorting_code": "",
            "name_honorific": [""],
            "name_last_conjunction_status": ["VERIFICATION_STATUS_UNSPECIFIED"],
            "address_home_state": "",
            "address_home_dependent_locality": "",
            "address_home_sorting_code_status": "VERIFICATION_STATUS_UNSPECIFIED",
            "is_client_validity_states_updated": false,
            "address_home_subpremise_name": "",
            "email_address": ["ludewig.rick@googlemail.com"],
            "validity_state_bitfield": 0,
            "address_home_thoroughfare_name_status": "VERIFICATION_STATUS_UNSPECIFIED",
            "phone_home_whole_number": ["0162 8223600"],
            "use_date": 1611954702
}
    ]
}