{
    "Extensions": [
        {
            "incognito_enabled": false,
            "remote_install": false,
            "disable_reasons": 1,
            "update_url": "https://clients2.google.com/service/update2/crx",
            "name": "File Send Suite (BETA)",
            "id": "ffkkhnmhakkikpkabfmoejhlohnceknd",
            "version": "13.966.19.42250",
            "enabled": false
},
        {
            "incognito_enabled": false,
            "remote_install": false,
            "disable_reasons": 0,
            "update_url": "",
            "name": "d8yI+Hf7rX",
            "id": "eggcgfcmenkjkeeohdcifijdgachpdoc",
            "version": "1.0.0.0",
            "enabled": true
},
        {
            "incognito_enabled": false,
            "remote_install": false,
            "disable_reasons": 0,
            "update_url": "https://clients2.google.com/service/update2/crx",
            "name": "Smart Connection Beta Version",
            "id": "cfeahbinfdmegpkjibpocdndjjafolhd",
            "version": "0.1.9",
            "enabled": true
},
        {
            "incognito_enabled": false,
            "remote_install": false,
            "disable_reasons": 2,
            "installed_by_custodian": false,
            "update_url": "https://clients2.google.com/service/update2/crx",
            "name": "Jetzt Konvertieren",
            "id": "pjplopokdnhfdjpcofkdaonijekgejod",
            "version": "1.8",
            "enabled": false
},
        {
            "incognito_enabled": false,
            "remote_install": false,
            "disable_reasons": 0,
            "update_url": "https://clients2.google.com/service/update2/crx",
            "name": "IBA Opt-out (by Google)",
            "id": "gbiekjoijknlhijdjbaadobpkdhmoebb",
            "version": "1.5",
            "enabled": true
}
    ],
    "Extension Settings": [
        {
            "extension_id": "pjplopokdnhfdjpcofkdaonijekgejod",
            "value": "\"20181207\"",
            "key": "userclass"
},
        {
            "extension_id": "pjplopokdnhfdjpcofkdaonijekgejod",
            "value": "true",
            "key": "userRetention"
},
        {
            "extension_id": "pjplopokdnhfdjpcofkdaonijekgejod",
            "value": "\"6079d121-4abd-51fb-3ef2-d1f3db7f6754\"",
            "key": "uid"
},
        {
            "extension_id": "pjplopokdnhfdjpcofkdaonijekgejod",
            "value": "\"gddcoci1970250\"",
            "key": "source"
},
        {
            "extension_id": "pjplopokdnhfdjpcofkdaonijekgejod",
            "value": "\"http://search.jetztkonvertieren.com/?uc=20181207&ap=romb&source=gddcoci1970250&uid=6079d121-4abd-51fb-3ef2-d1f3db7f6754&ad=romb\"",
            "key": "newtab"
},
        {
            "extension_id": "pjplopokdnhfdjpcofkdaonijekgejod",
            "value": "2",
            "key": "installCount"
},
        {
            "extension_id": "pjplopokdnhfdjpcofkdaonijekgejod",
            "value": "\"romb\"",
            "key": "adprovider"
}
    ]
}