{
    "Apps": [
        {
            "app_launch_ordinal": "n",
            "extension": {
                        "incognito_enabled": true,
                        "remote_install": false,
                        "disable_reasons": 0,
                        "installed_by_custodian": false,
                        "update_url": "",
                        "name": "Chrome",
                        "id": "mgndgikekgjfcpckkfioiadnlibdjbkf",
                        "version": "0.1",
                        "enabled": true
            },
            "page_ordinal": "n"
},
        {
            "app_launch_ordinal": "t",
            "extension": {
                        "incognito_enabled": true,
                        "remote_install": false,
                        "disable_reasons": 0,
                        "update_url": "",
                        "name": "Web Store",
                        "id": "ahfgeienlihckogmohjhadlkjgocpleb",
                        "version": "0.2",
                        "enabled": true
            },
            "page_ordinal": "n"
}
    ],
    "App Settings": [],
    "Preferences": [
        {
            "name": "profile.content_settings.exceptions.images",
            "value": "{}"
},
        {
            "name": "session.startup_urls",
            "value": "[\"http://www.istartpageing.com/?type=hp&ts=1449471331&z=21e223b3f0c97db3c281da1g7zccaefozzjcktmlma&from=cvs&uid=HTS424040M9AT00_MPA247Q2F77G1DF77G1DX\",\"https://www.google.de/\"]"
},
        {
            "name": "translate_too_often_denied_for_language",
            "value": "{\"en\":true,\"es\":true,\"nl\":true}"
},
        {
            "name": "translate_force_trigger_on_english_count_for_backoff_1",
            "value": "-1"
},
        {
            "name": "session.restore_on_startup",
            "value": "4"
},
        {
            "name": "autofill.last_version_deduped",
            "value": "55"
},
        {
            "name": "profile.cookie_controls_mode",
            "value": "1"
},
        {
            "name": "translate_ignored_count_for_language",
            "value": "{\"ar\":0,\"de\":0,\"en\":0,\"es\":0,\"fr\":0,\"hu\":0,\"it\":0,\"ja\":1,\"la\":5,\"nl\":0,\"pt\":0,\"ru\":0,\"tr\":0,\"zh-CN\":0}"
},
        {
            "name": "profile.name",
            "value": "\"Profil 1\""
},
        {
            "name": "browser.clear_data.cookies_basic",
            "value": "true"
},
        {
            "name": "download.prompt_for_download_android",
            "value": "1"
},
        {
            "name": "browser.show_home_button",
            "value": "true"
},
        {
            "name": "ntp.custom_background_dict",
            "value": "{\"attribution_action_url\":\"https://walli.shanga.co/image/view/?id=370\",\"attribution_line_1\":\"Universe Cosmic Vacum\",\"attribution_line_2\":\"Philipp Rietz \u2014 Walli\",\"background_main_color\":-4688176,\"background_url\":\"https://lh5.googleusercontent.com/proxy/E60bugMrz3Jw0Ty3vD1HqfrrabnAQGlHzIJjRadV1kDS_XSE0AtWuMnjW9VPvq1YeyPJK13gZw63TQYvh2RlaZq_aQm5xskpsgWW1l67gg3mkYaZr07BQqMV47onKA=w3840-h2160-p-k-no-nd-mv\",\"collection_id\":\"\",\"refresh_timestamp\":0,\"resume_token\":\"\"}"
},
        {
            "name": "profile.content_settings.exceptions.cookies",
            "value": "{}"
},
        {
            "name": "browser.clear_data.preferences_migrated_to_basic",
            "value": "true"
},
        {
            "name": "profile.content_settings.exceptions.fullscreen",
            "value": "{\"http://www.einfachporno.xxx:80,http://www.einfachporno.xxx:80\":{\"setting\":1}}"
},
        {
            "name": "profile.content_settings.exceptions.mixed_script",
            "value": "{}"
},
        {
            "name": "translate_blocked_languages",
            "value": "[\"de\"]"
},
        {
            "name": "translate_recent_target",
            "value": "\"de\""
},
        {
            "name": "autofill.profile_use_dates_fixed",
            "value": "true"
},
        {
            "name": "browser.clear_data.cache_basic",
            "value": "true"
},
        {
            "name": "profile.content_settings.exceptions.plugins",
            "value": "{}"
},
        {
            "name": "dom_distiller.font_family",
            "value": "0"
},
        {
            "name": "sync.demographics_birth_year_offset",
            "value": "1"
},
        {
            "name": "default_search_provider.synced_guid",
            "value": "\"92746B9F-D2D9-4205-8B8D-1EDA1E3529B0\""
},
        {
            "name": "payments.can_make_payment_enabled",
            "value": "true"
},
        {
            "name": "alternate_error_pages.enabled",
            "value": "true"
},
        {
            "name": "sharing.vapid_key",
            "value": "{\"vapid_creation_timestamp\":\"13212917178312363\",\"vapid_private_key\":\"MIGHAgEAMBMGByqGSM49AgEGCCqGSM49AwEHBG0wawIBAQQgHxiWASXe04x4b06zYnEsboNb8aJwzP2I8/IxJWuDBsehRANCAAQYz4irZfYPbZkT4cS1Bz5JUiXt6rrjhYmbDLZEs6fTRZT7SHthI+RhIamH471DXqbrnchSCXP+BpUdyg1d3+VJ\"}"
},
        {
            "name": "profile.default_content_setting_values.popups",
            "value": "1"
},
        {
            "name": "profile.content_settings.exceptions.mouselock",
            "value": "{}"
},
        {
            "name": "extensions.commands",
            "value": "{}"
},
        {
            "name": "homepage",
            "value": "\"http://t-online.de/\""
},
        {
            "name": "profile.content_settings.exceptions.keygen",
            "value": "{}"
},
        {
            "name": "profile.content_settings.exceptions.storage_access",
            "value": "{}"
},
        {
            "name": "translate_denied_count_for_language",
            "value": "{\"ar\":0,\"de\":0,\"en\":0,\"es\":0,\"fr\":0,\"hu\":0,\"it\":0,\"la\":1,\"nl\":7,\"pt\":0,\"ru\":0,\"tr\":0,\"zh-CN\":0}"
},
        {
            "name": "profile.content_settings.exceptions.automatic_downloads",
            "value": "{}"
},
        {
            "name": "search.contextual_search_enabled",
            "value": "\"true\""
},
        {
            "name": "toolbar_icon_surfacing_bubble_acknowledged",
            "value": "true"
},
        {
            "name": "intl.accept_languages",
            "value": "\"de-DE,de,en-US,en\""
},
        {
            "name": "profile.content_settings.exceptions.flash_data",
            "value": "{}"
},
        {
            "name": "translate_allowlists",
            "value": "{\"ar\":\"de\",\"de\":\"en\",\"en\":\"de\",\"es\":\"en\",\"fr\":\"de\",\"ru\":\"de\"}"
},
        {
            "name": "translate_whitelists",
            "value": "{\"ar\":\"de\",\"en\":\"de\",\"ru\":\"de\"}"
},
        {
            "name": "profile.content_settings.exceptions.popups",
            "value": "{}"
},
        {
            "name": "translate_site_blacklist",
            "value": "[]"
},
        {
            "name": "profile.content_settings.exceptions.font_access",
            "value": "{}"
},
        {
            "name": "search.suggest_enabled",
            "value": "false"
},
        {
            "name": "safebrowsing.enabled",
            "value": "true"
},
        {
            "name": "ntp.app_page_names",
            "value": "[\"Apps\"]"
},
        {
            "name": "profile.avatar_index",
            "value": "26"
},
        {
            "name": "browser.clear_data.time_period_basic",
            "value": "0"
},
        {
            "name": "translate_site_blacklist_with_time",
            "value": "{}"
},
        {
            "name": "extensions.pinned_extensions",
            "value": "[]"
},
        {
            "name": "translate_accepted_count",
            "value": "{\"ar\":0,\"de\":2,\"en\":10,\"es\":7,\"fr\":1,\"hu\":1,\"it\":2,\"la\":0,\"nl\":0,\"pt\":1,\"ru\":0,\"tr\":1,\"zh-CN\":2}"
},
        {
            "name": "intl.selected_languages",
            "value": "\"de-DE,de,en-US,en\""
},
        {
            "name": "profile.content_settings.exceptions.javascript",
            "value": "{}"
},
        {
            "name": "net.network_prediction_options",
            "value": "2"
},
        {
            "name": "bookmark_bar.show_on_all_tabs",
            "value": "true"
},
        {
            "name": "extensions.toolbar",
            "value": "[\"ffkkhnmhakkikpkabfmoejhlohnceknd\",\"pjplopokdnhfdjpcofkdaonijekgejod\",\"cfeahbinfdmegpkjibpocdndjjafolhd\",\"gbiekjoijknlhijdjbaadobpkdhmoebb\",\"eggcgfcmenkjkeeohdcifijdgachpdoc\"]"
},
        {
            "name": "profile.content_settings.exceptions.midi_sysex",
            "value": "{}"
},
        {
            "name": "homepage_is_newtabpage",
            "value": "true"
},
        {
            "name": "profile.content_settings.exceptions.window_placement",
            "value": "{}"
},
        {
            "name": "translate_site_blocklist_with_time",
            "value": "{}"
},
        {
            "name": "sharing.synced_devices",
            "value": "{\"1JooFGx8+MQ3IEksVtqa+A==\":{\"device_auth_secret\":\"o3ZDpof5c67ckrTXSQhBhA==\",\"device_capabilities\":3,\"device_fcm_token\":\"fRNGUQ3mhqY:APA91bH50RXSfiFMbNEEIfPgZDNf2RX5ssQdXij9u1Hwx0CxlNMyfiWy2dW9XaqSdNFlHgyeF3jKSk1Q8KgI2Zj9KNqraBSAcnjroyWWzCZI2yNG7iFapTy85Ig2QcXR2Pl5XCUCXJ5x\",\"device_last_updated\":\"13220042560127316\",\"device_p256dh\":\"BAQXls14hNO0LfNSy23+Tq5x99oL+uDXpA4cMpUmhm8VtfSXsZLsNM/xM9VJIkMBCVhfxXggdVvICtAawydnZUM=\"},\"JmLiL+8CIke93kV+JlTTcA==\":{\"device_auth_secret\":\"u2MB63baai8xY9QChW1Y0w==\",\"device_capabilities\":3,\"device_fcm_token\":\"ekERIf-QmJI:APA91bHQMbKBme5JAV-tzZS4QFt_WCLYF4x_RztQGHzz2vKJJRY4aWpgrJdh-Kx8VTbDejeAWLztZ7XjyXne4QILP7_NmeVoyPVGhPmv9tD7b0WBzLOZR_EFsE7z5ddeYToSIaRdyJtF\",\"device_p256dh\":\"BCUw2YGMMgiS1ZcVjUbWcQJcWtFo6Ar10yenTAE/mUkEvqSRCpcRkqEzQ4F23WGh1vVh27GcbqJl2CPC2T1/j3M=\"},\"V/t2ltgCEr/AAqd93ewiGA==\":{\"device_auth_secret\":\"UrGIFXsSwQfGfzxlcUt1pw==\",\"device_capabilities\":3,\"device_fcm_token\":\"ey1lbzZkVVg:APA91bGkq73WinFCe6bohxYcDBj70fEQcSr_54KOf2ExkZKHn2MSs-VrgL1NmNjuKMHtU0ugSPx5uywWti4C2MWet1RYdLJSjgOZULuPEeceKNhFH2Ol40S7U6i-aKVMeOaqjbkgFcPZ\",\"device_last_updated\":\"13216865345321585\",\"device_p256dh\":\"BIlD/IPTLkvEJJMohq8mOF4dELPMAbVxT/NrrU6ukb7RcOry841q9cIP2KjQuL+DpSKGG8GitjZLkzZTIAyVWFY=\"},\"YR7JLDmd6PIwSe6YBcV61A==\":{\"device_auth_secret\":\"+2AHQTP7E5ExHjxx6GZ4pg==\",\"device_capabilities\":3,\"device_fcm_token\":\"eT0u8YOYxSE:APA91bH8qymAZ1dQZWnSiPhlQx1qnyui2NjLfKrR0Y4F9R13Zvx9AGKX2C8sJlqOMMmt1cCAyCDBca0ZJzEmOn0H8HPAbouxc4eD1ShVdjEg-5md2R39ZmrEIMrOst724n4Kwq8uMrnW\",\"device_p256dh\":\"BHdBYdoCr2adGLyynPhcDbmDF1wFeL6o895gK0VEcpPRiB84M+OUE3oCAVGdEKeSsL+M6SlmYtTf/cMq0w158tA=\"},\"n4cofyTryLXJuyzU1KLssA==\":{\"device_auth_secret\":\"DrvUxeOQwmdQIphk1upTuQ==\",\"device_capabilities\":3,\"device_fcm_token\":\"cZ82CcR-hLY:APA91bGkB3DL5XBWIVapqs1Kt6vBG7SvdifDikbEiVz3m_VyJDMJvJmcuvig24tvC3AZdaDgfHEoSY33uu8JFdHIoInaZWpa4Lxp3Cc0tCvTDj1a59W7E9RztgTNTkpfutjB4KhYOaP8\",\"device_p256dh\":\"BN7HYnTHhhE79kSwnJF+I7esHKntViAxye9IlAQQIAyhPeAIaLMjO+AYiuwupWBrsAilChISCJpnam5dqE7OBp0=\"}}"
},
        {
            "name": "translate_auto_always_count",
            "value": "{\"ar\":1,\"en\":1,\"fr\":1,\"ru\":1}"
},
        {
            "name": "autofill.last_version_disused_addresses_deleted",
            "value": "70"
},
        {
            "name": "browser.clear_data.browsing_history_basic",
            "value": "true"
},
        {
            "name": "profile.content_settings.exceptions.push_messaging",
            "value": "{\"https://www.facebook.com:443,https://www.facebook.com:443\":{\"last_used\":1459280920.9165,\"setting\":1}}"
}
    ],
    "Themes": [
        {
            "use_system_theme_by_default": false,
            "use_custom_theme": false
}
    ]
}